user,city,checkin_counts,city_latitude,city_longitude
0,Denver,67,39.7392,-104.9903
0,Lakewood,22,39.7047,-105.0814
1,Boulder,95,40.015,-105.2705
3,Boulder,379,40.015,-105.2705
4,Boulder,97,40.015,-105.2705
6,Fort Collins,12,40.5853,-105.0844
7,Boulder,53,40.015,-105.2705
11,Boulder,189,40.015,-105.2705
12,Aurora,22,39.7294,-104.8319
14,Aurora,36,39.7294,-104.8319
14,Denver,22,39.7392,-104.9903
15,Aurora,13,39.7294,-104.8319
18,Aurora,10,39.7294,-104.8319
19,Aurora,12,39.7294,-104.8319
21,Aurora,11,39.7294,-104.8319
23,Boulder,20,40.015,-105.2705
38,Fort Collins,31,40.5853,-105.0844
40,Boulder,22,40.015,-105.2705
42,Boulder,17,40.015,-105.2705
46,Boulder,25,40.015,-105.2705
123,Boulder,125,40.015,-105.2705
124,Boulder,12,40.015,-105.2705
143,Aurora,34,39.7294,-104.8319
143,Boulder,16,40.015,-105.2705
143,Denver,78,39.7392,-104.9903
143,Lakewood,58,39.7047,-105.0814
144,Colorado Springs,33,38.8339,-104.8214
145,Aurora,1459,39.7294,-104.8319
145,Colorado Springs,40,38.8339,-104.8214
146,Aurora,297,39.7294,-104.8319
146,Colorado Springs,39,38.8339,-104.8214
147,Aurora,78,39.7294,-104.8319
147,Colorado Springs,454,38.8339,-104.8214
149,Aurora,41,39.7294,-104.8319
149,Boulder,227,40.015,-105.2705
151,Fort Collins,65,40.5853,-105.0844
154,Aurora,12,39.7294,-104.8319
154,Fort Collins,490,40.5853,-105.0844
156,Aurora,173,39.7294,-104.8319
157,Colorado Springs,16,38.8339,-104.8214
158,Aurora,80,39.7294,-104.8319
159,Fort Collins,35,40.5853,-105.0844
163,Boulder,16,40.015,-105.2705
165,Aurora,40,39.7294,-104.8319
167,Boulder,13,40.015,-105.2705
167,Denver,12,39.7392,-104.9903
167,Lakewood,15,39.7047,-105.0814
173,Aurora,13,39.7294,-104.8319
206,Boulder,399,40.015,-105.2705
208,Colorado Springs,421,38.8339,-104.8214
209,Colorado Springs,10,38.8339,-104.8214
210,Aurora,84,39.7294,-104.8319
210,Boulder,1943,40.015,-105.2705
211,Boulder,13,40.015,-105.2705
212,Colorado Springs,712,38.8339,-104.8214
213,Aurora,10,39.7294,-104.8319
215,Aurora,13,39.7294,-104.8319
215,Colorado Springs,15,38.8339,-104.8214
216,Fort Collins,21,40.5853,-105.0844
218,Aurora,217,39.7294,-104.8319
218,Boulder,81,40.015,-105.2705
219,Aurora,146,39.7294,-104.8319
219,Colorado Springs,116,38.8339,-104.8214
220,Aurora,11,39.7294,-104.8319
220,Colorado Springs,66,38.8339,-104.8214
221,Fort Collins,109,40.5853,-105.0844
222,Aurora,58,39.7294,-104.8319
222,Colorado Springs,29,38.8339,-104.8214
224,Aurora,367,39.7294,-104.8319
225,Colorado Springs,1038,38.8339,-104.8214
226,Colorado Springs,309,38.8339,-104.8214
228,Boulder,1062,40.015,-105.2705
229,Colorado Springs,17,38.8339,-104.8214
231,Aurora,45,39.7294,-104.8319
231,Fort Collins,117,40.5853,-105.0844
232,Aurora,55,39.7294,-104.8319
232,Boulder,233,40.015,-105.2705
232,Colorado Springs,95,38.8339,-104.8214
232,Fort Collins,24,40.5853,-105.0844
233,Aurora,57,39.7294,-104.8319
234,Colorado Springs,145,38.8339,-104.8214
235,Aurora,157,39.7294,-104.8319
235,Fort Collins,20,40.5853,-105.0844
237,Aurora,913,39.7294,-104.8319
238,Boulder,28,40.015,-105.2705
241,Fort Collins,372,40.5853,-105.0844
242,Boulder,159,40.015,-105.2705
244,Aurora,79,39.7294,-104.8319
244,Fort Collins,126,40.5853,-105.0844
246,Aurora,221,39.7294,-104.8319
247,Aurora,47,39.7294,-104.8319
248,Fort Collins,1929,40.5853,-105.0844
249,Aurora,417,39.7294,-104.8319
250,Aurora,168,39.7294,-104.8319
250,Fort Collins,564,40.5853,-105.0844
251,Aurora,2100,39.7294,-104.8319
252,Colorado Springs,61,38.8339,-104.8214
259,Colorado Springs,71,38.8339,-104.8214
262,Aurora,21,39.7294,-104.8319
262,Fort Collins,11,40.5853,-105.0844
263,Aurora,15,39.7294,-104.8319
263,Denver,106,39.7392,-104.9903
263,Lakewood,68,39.7047,-105.0814
267,Fort Collins,136,40.5853,-105.0844
268,Colorado Springs,82,38.8339,-104.8214
269,Colorado Springs,42,38.8339,-104.8214
271,Aurora,42,39.7294,-104.8319
272,Fort Collins,41,40.5853,-105.0844
279,Fort Collins,31,40.5853,-105.0844
281,Fort Collins,56,40.5853,-105.0844
282,Fort Collins,79,40.5853,-105.0844
283,Aurora,13,39.7294,-104.8319
283,Colorado Springs,19,38.8339,-104.8214
284,Aurora,69,39.7294,-104.8319
294,Fort Collins,12,40.5853,-105.0844
296,Boulder,31,40.015,-105.2705
299,Colorado Springs,55,38.8339,-104.8214
301,Aurora,68,39.7294,-104.8319
329,Aurora,102,39.7294,-104.8319
335,Aurora,141,39.7294,-104.8319
552,Lakewood,13,39.7047,-105.0814
620,Aurora,126,39.7294,-104.8319
621,Aurora,27,39.7294,-104.8319
621,Colorado Springs,102,38.8339,-104.8214
623,Fort Collins,511,40.5853,-105.0844
624,Boulder,50,40.015,-105.2705
626,Aurora,15,39.7294,-104.8319
627,Boulder,81,40.015,-105.2705
628,Aurora,18,39.7294,-104.8319
629,Aurora,213,39.7294,-104.8319
629,Fort Collins,240,40.5853,-105.0844
632,Colorado Springs,114,38.8339,-104.8214
633,Colorado Springs,171,38.8339,-104.8214
637,Aurora,386,39.7294,-104.8319
637,Fort Collins,780,40.5853,-105.0844
638,Fort Collins,12,40.5853,-105.0844
640,Fort Collins,138,40.5853,-105.0844
643,Aurora,11,39.7294,-104.8319
646,Fort Collins,13,40.5853,-105.0844
648,Colorado Springs,257,38.8339,-104.8214
650,Colorado Springs,130,38.8339,-104.8214
651,Aurora,20,39.7294,-104.8319
651,Fort Collins,387,40.5853,-105.0844
652,Aurora,321,39.7294,-104.8319
654,Colorado Springs,63,38.8339,-104.8214
657,Boulder,43,40.015,-105.2705
661,Aurora,28,39.7294,-104.8319
663,Fort Collins,10,40.5853,-105.0844
668,Aurora,32,39.7294,-104.8319
680,Aurora,24,39.7294,-104.8319
686,Fort Collins,41,40.5853,-105.0844
710,Fort Collins,12,40.5853,-105.0844
832,Aurora,43,39.7294,-104.8319
833,Fort Collins,18,40.5853,-105.0844
850,Boulder,11,40.015,-105.2705
851,Colorado Springs,77,38.8339,-104.8214
852,Aurora,64,39.7294,-104.8319
852,Fort Collins,186,40.5853,-105.0844
853,Aurora,96,39.7294,-104.8319
853,Colorado Springs,189,38.8339,-104.8214
854,Boulder,33,40.015,-105.2705
875,Boulder,55,40.015,-105.2705
875,Denver,96,39.7392,-104.9903
876,Colorado Springs,18,38.8339,-104.8214
878,Lakewood,20,39.7047,-105.0814
880,Aurora,11,39.7294,-104.8319
886,Fort Collins,10,40.5853,-105.0844
1067,Aurora,245,39.7294,-104.8319
1068,Aurora,41,39.7294,-104.8319
1069,Aurora,273,39.7294,-104.8319
1069,Colorado Springs,929,38.8339,-104.8214
1070,Boulder,241,40.015,-105.2705
1070,Fort Collins,40,40.5853,-105.0844
1071,Aurora,89,39.7294,-104.8319
1071,Fort Collins,32,40.5853,-105.0844
1073,Aurora,173,39.7294,-104.8319
1073,Fort Collins,1026,40.5853,-105.0844
1076,Aurora,187,39.7294,-104.8319
1078,Colorado Springs,20,38.8339,-104.8214
1079,Lakewood,13,39.7047,-105.0814
1116,Boulder,11,40.015,-105.2705
1118,Colorado Springs,46,38.8339,-104.8214
1141,Fort Collins,42,40.5853,-105.0844
1142,Boulder,10,40.015,-105.2705
1146,Colorado Springs,45,38.8339,-104.8214
1239,Fort Collins,13,40.5853,-105.0844
1302,Boulder,148,40.015,-105.2705
1303,Fort Collins,323,40.5853,-105.0844
1304,Fort Collins,341,40.5853,-105.0844
1305,Colorado Springs,196,38.8339,-104.8214
1306,Aurora,20,39.7294,-104.8319
1444,Colorado Springs,48,38.8339,-104.8214
1445,Aurora,138,39.7294,-104.8319
1446,Fort Collins,594,40.5853,-105.0844
1447,Aurora,295,39.7294,-104.8319
1447,Colorado Springs,114,38.8339,-104.8214
1448,Aurora,15,39.7294,-104.8319
1448,Fort Collins,19,40.5853,-105.0844
1450,Fort Collins,86,40.5853,-105.0844
1451,Fort Collins,11,40.5853,-105.0844
1452,Fort Collins,72,40.5853,-105.0844
1455,Fort Collins,34,40.5853,-105.0844
1460,Colorado Springs,17,38.8339,-104.8214
1502,Fort Collins,201,40.5853,-105.0844
1521,Colorado Springs,13,38.8339,-104.8214
1769,Colorado Springs,531,38.8339,-104.8214
1770,Fort Collins,213,40.5853,-105.0844
1859,Aurora,58,39.7294,-104.8319
1860,Aurora,22,39.7294,-104.8319
1860,Fort Collins,85,40.5853,-105.0844
1863,Colorado Springs,14,38.8339,-104.8214
1864,Colorado Springs,291,38.8339,-104.8214
1869,Fort Collins,184,40.5853,-105.0844
1871,Colorado Springs,96,38.8339,-104.8214
1875,Aurora,117,39.7294,-104.8319
1875,Fort Collins,13,40.5853,-105.0844
1878,Aurora,33,39.7294,-104.8319
1878,Fort Collins,2011,40.5853,-105.0844
1879,Colorado Springs,139,38.8339,-104.8214
1880,Fort Collins,201,40.5853,-105.0844
1881,Fort Collins,29,40.5853,-105.0844
1882,Colorado Springs,333,38.8339,-104.8214
1887,Colorado Springs,89,38.8339,-104.8214
1888,Fort Collins,87,40.5853,-105.0844
1889,Fort Collins,30,40.5853,-105.0844
1891,Boulder,50,40.015,-105.2705
1895,Fort Collins,19,40.5853,-105.0844
1896,Aurora,51,39.7294,-104.8319
1896,Fort Collins,207,40.5853,-105.0844
1904,Aurora,10,39.7294,-104.8319
1904,Denver,15,39.7392,-104.9903
1906,Fort Collins,11,40.5853,-105.0844
1913,Aurora,76,39.7294,-104.8319
1913,Colorado Springs,24,38.8339,-104.8214
1914,Fort Collins,198,40.5853,-105.0844
1916,Fort Collins,15,40.5853,-105.0844
1954,Fort Collins,43,40.5853,-105.0844
2134,Colorado Springs,310,38.8339,-104.8214
2137,Aurora,39,39.7294,-104.8319
2138,Fort Collins,305,40.5853,-105.0844
2147,Aurora,12,39.7294,-104.8319
2147,Colorado Springs,2083,38.8339,-104.8214
2148,Colorado Springs,11,38.8339,-104.8214
2149,Aurora,386,39.7294,-104.8319
2149,Colorado Springs,14,38.8339,-104.8214
2149,Fort Collins,73,40.5853,-105.0844
2150,Aurora,58,39.7294,-104.8319
2152,Aurora,173,39.7294,-104.8319
2154,Colorado Springs,46,38.8339,-104.8214
2155,Fort Collins,77,40.5853,-105.0844
2157,Colorado Springs,59,38.8339,-104.8214
2160,Fort Collins,153,40.5853,-105.0844
2163,Colorado Springs,72,38.8339,-104.8214
2164,Aurora,201,39.7294,-104.8319
2165,Aurora,21,39.7294,-104.8319
2168,Fort Collins,1275,40.5853,-105.0844
2171,Fort Collins,11,40.5853,-105.0844
2172,Boulder,26,40.015,-105.2705
2193,Colorado Springs,19,38.8339,-104.8214
2195,Colorado Springs,10,38.8339,-104.8214
2201,Colorado Springs,17,38.8339,-104.8214
2205,Fort Collins,47,40.5853,-105.0844
2209,Colorado Springs,19,38.8339,-104.8214
2215,Aurora,22,39.7294,-104.8319
2219,Aurora,11,39.7294,-104.8319
2220,Aurora,67,39.7294,-104.8319
2226,Aurora,26,39.7294,-104.8319
2246,Aurora,20,39.7294,-104.8319
2252,Aurora,23,39.7294,-104.8319
2805,Boulder,237,40.015,-105.2705
2806,Aurora,25,39.7294,-104.8319
2806,Fort Collins,228,40.5853,-105.0844
2807,Boulder,20,40.015,-105.2705
2807,Colorado Springs,51,38.8339,-104.8214
2808,Aurora,56,39.7294,-104.8319
2808,Fort Collins,217,40.5853,-105.0844
2810,Colorado Springs,261,38.8339,-104.8214
2811,Aurora,468,39.7294,-104.8319
2811,Fort Collins,155,40.5853,-105.0844
2812,Aurora,578,39.7294,-104.8319
2812,Fort Collins,446,40.5853,-105.0844
2813,Aurora,348,39.7294,-104.8319
2814,Fort Collins,140,40.5853,-105.0844
2815,Fort Collins,15,40.5853,-105.0844
2816,Fort Collins,12,40.5853,-105.0844
2818,Fort Collins,27,40.5853,-105.0844
2819,Aurora,91,39.7294,-104.8319
2819,Fort Collins,211,40.5853,-105.0844
2820,Aurora,590,39.7294,-104.8319
2821,Fort Collins,28,40.5853,-105.0844
2822,Aurora,68,39.7294,-104.8319
2822,Fort Collins,429,40.5853,-105.0844
2823,Aurora,23,39.7294,-104.8319
2823,Fort Collins,126,40.5853,-105.0844
2824,Colorado Springs,196,38.8339,-104.8214
2825,Aurora,181,39.7294,-104.8319
2825,Denver,37,39.7392,-104.9903
2825,Fort Collins,181,40.5853,-105.0844
2826,Fort Collins,299,40.5853,-105.0844
2829,Aurora,49,39.7294,-104.8319
2829,Fort Collins,625,40.5853,-105.0844
2830,Colorado Springs,73,38.8339,-104.8214
2832,Aurora,12,39.7294,-104.8319
2832,Fort Collins,46,40.5853,-105.0844
2833,Fort Collins,678,40.5853,-105.0844
2835,Aurora,118,39.7294,-104.8319
2835,Colorado Springs,31,38.8339,-104.8214
2836,Aurora,176,39.7294,-104.8319
2836,Boulder,15,40.015,-105.2705
2836,Fort Collins,908,40.5853,-105.0844
2838,Fort Collins,53,40.5853,-105.0844
2839,Colorado Springs,132,38.8339,-104.8214
2840,Aurora,18,39.7294,-104.8319
2840,Fort Collins,672,40.5853,-105.0844
2841,Fort Collins,252,40.5853,-105.0844
2842,Aurora,57,39.7294,-104.8319
2842,Fort Collins,276,40.5853,-105.0844
2845,Fort Collins,268,40.5853,-105.0844
2846,Aurora,94,39.7294,-104.8319
2846,Fort Collins,210,40.5853,-105.0844
2847,Aurora,47,39.7294,-104.8319
2847,Fort Collins,190,40.5853,-105.0844
2848,Aurora,22,39.7294,-104.8319
2848,Colorado Springs,27,38.8339,-104.8214
2850,Aurora,34,39.7294,-104.8319
2850,Fort Collins,253,40.5853,-105.0844
2851,Aurora,398,39.7294,-104.8319
2853,Aurora,51,39.7294,-104.8319
2853,Fort Collins,177,40.5853,-105.0844
2855,Fort Collins,276,40.5853,-105.0844
2857,Fort Collins,72,40.5853,-105.0844
2858,Aurora,162,39.7294,-104.8319
2858,Colorado Springs,18,38.8339,-104.8214
2858,Fort Collins,11,40.5853,-105.0844
2860,Colorado Springs,97,38.8339,-104.8214
2861,Fort Collins,315,40.5853,-105.0844
2863,Colorado Springs,81,38.8339,-104.8214
2865,Fort Collins,306,40.5853,-105.0844
2866,Aurora,400,39.7294,-104.8319
2867,Aurora,326,39.7294,-104.8319
2868,Aurora,110,39.7294,-104.8319
2869,Aurora,14,39.7294,-104.8319
2869,Fort Collins,312,40.5853,-105.0844
2870,Aurora,1763,39.7294,-104.8319
2874,Aurora,24,39.7294,-104.8319
2874,Fort Collins,1314,40.5853,-105.0844
2875,Fort Collins,929,40.5853,-105.0844
2876,Fort Collins,36,40.5853,-105.0844
2878,Aurora,28,39.7294,-104.8319
2879,Fort Collins,126,40.5853,-105.0844
2880,Aurora,26,39.7294,-104.8319
2880,Fort Collins,209,40.5853,-105.0844
2881,Aurora,16,39.7294,-104.8319
2881,Fort Collins,763,40.5853,-105.0844
2883,Fort Collins,16,40.5853,-105.0844
2884,Aurora,66,39.7294,-104.8319
2888,Fort Collins,32,40.5853,-105.0844
2889,Fort Collins,66,40.5853,-105.0844
2890,Colorado Springs,26,38.8339,-104.8214
2892,Aurora,12,39.7294,-104.8319
2892,Fort Collins,40,40.5853,-105.0844
2893,Aurora,13,39.7294,-104.8319
2893,Fort Collins,182,40.5853,-105.0844
2894,Aurora,10,39.7294,-104.8319
2894,Fort Collins,190,40.5853,-105.0844
2895,Fort Collins,65,40.5853,-105.0844
2896,Aurora,21,39.7294,-104.8319
2896,Fort Collins,354,40.5853,-105.0844
2897,Aurora,70,39.7294,-104.8319
2897,Colorado Springs,11,38.8339,-104.8214
2897,Fort Collins,185,40.5853,-105.0844
2899,Fort Collins,17,40.5853,-105.0844
2900,Aurora,47,39.7294,-104.8319
2900,Boulder,48,40.015,-105.2705
2901,Fort Collins,13,40.5853,-105.0844
2902,Aurora,28,39.7294,-104.8319
2902,Fort Collins,35,40.5853,-105.0844
2904,Aurora,40,39.7294,-104.8319
2904,Fort Collins,203,40.5853,-105.0844
2905,Aurora,28,39.7294,-104.8319
2905,Fort Collins,52,40.5853,-105.0844
2907,Aurora,32,39.7294,-104.8319
2908,Fort Collins,27,40.5853,-105.0844
2912,Fort Collins,74,40.5853,-105.0844
2913,Fort Collins,86,40.5853,-105.0844
2914,Fort Collins,160,40.5853,-105.0844
2915,Colorado Springs,557,38.8339,-104.8214
2916,Aurora,130,39.7294,-104.8319
2917,Fort Collins,82,40.5853,-105.0844
2918,Denver,21,39.7392,-104.9903
2920,Aurora,122,39.7294,-104.8319
2920,Colorado Springs,21,38.8339,-104.8214
2922,Colorado Springs,10,38.8339,-104.8214
2924,Colorado Springs,245,38.8339,-104.8214
2925,Fort Collins,27,40.5853,-105.0844
2926,Fort Collins,18,40.5853,-105.0844
2927,Aurora,228,39.7294,-104.8319
2928,Aurora,111,39.7294,-104.8319
2931,Fort Collins,11,40.5853,-105.0844
2932,Fort Collins,145,40.5853,-105.0844
2933,Fort Collins,73,40.5853,-105.0844
2934,Fort Collins,133,40.5853,-105.0844
2935,Aurora,14,39.7294,-104.8319
2937,Boulder,116,40.015,-105.2705
2941,Colorado Springs,128,38.8339,-104.8214
2942,Aurora,125,39.7294,-104.8319
2945,Aurora,41,39.7294,-104.8319
2945,Fort Collins,84,40.5853,-105.0844
2946,Fort Collins,29,40.5853,-105.0844
2947,Aurora,82,39.7294,-104.8319
2947,Fort Collins,203,40.5853,-105.0844
2948,Fort Collins,29,40.5853,-105.0844
2950,Fort Collins,100,40.5853,-105.0844
2951,Fort Collins,78,40.5853,-105.0844
2954,Aurora,136,39.7294,-104.8319
2954,Fort Collins,25,40.5853,-105.0844
2958,Aurora,27,39.7294,-104.8319
2959,Colorado Springs,78,38.8339,-104.8214
2960,Colorado Springs,38,38.8339,-104.8214
2964,Aurora,17,39.7294,-104.8319
2966,Aurora,13,39.7294,-104.8319
2969,Fort Collins,44,40.5853,-105.0844
2975,Fort Collins,80,40.5853,-105.0844
2976,Fort Collins,367,40.5853,-105.0844
2977,Colorado Springs,124,38.8339,-104.8214
2978,Colorado Springs,28,38.8339,-104.8214
2980,Colorado Springs,161,38.8339,-104.8214
2981,Fort Collins,10,40.5853,-105.0844
2982,Aurora,18,39.7294,-104.8319
2983,Colorado Springs,11,38.8339,-104.8214
2985,Boulder,18,40.015,-105.2705
2986,Colorado Springs,54,38.8339,-104.8214
2988,Fort Collins,49,40.5853,-105.0844
2989,Boulder,97,40.015,-105.2705
2996,Fort Collins,89,40.5853,-105.0844
2998,Denver,27,39.7392,-104.9903
3001,Fort Collins,17,40.5853,-105.0844
3006,Colorado Springs,120,38.8339,-104.8214
3007,Fort Collins,16,40.5853,-105.0844
3008,Fort Collins,11,40.5853,-105.0844
3009,Fort Collins,42,40.5853,-105.0844
3010,Fort Collins,36,40.5853,-105.0844
3015,Boulder,97,40.015,-105.2705
3016,Fort Collins,14,40.5853,-105.0844
3020,Aurora,22,39.7294,-104.8319
3020,Colorado Springs,11,38.8339,-104.8214
3025,Fort Collins,18,40.5853,-105.0844
3027,Fort Collins,24,40.5853,-105.0844
3032,Aurora,20,39.7294,-104.8319
3043,Aurora,13,39.7294,-104.8319
3043,Fort Collins,516,40.5853,-105.0844
3044,Fort Collins,91,40.5853,-105.0844
3046,Colorado Springs,14,38.8339,-104.8214
3050,Fort Collins,60,40.5853,-105.0844
3052,Fort Collins,82,40.5853,-105.0844
3054,Fort Collins,11,40.5853,-105.0844
3067,Aurora,11,39.7294,-104.8319
3067,Colorado Springs,19,38.8339,-104.8214
3077,Aurora,47,39.7294,-104.8319
3108,Aurora,12,39.7294,-104.8319
3109,Fort Collins,266,40.5853,-105.0844
3121,Aurora,13,39.7294,-104.8319
3136,Colorado Springs,15,38.8339,-104.8214
3159,Colorado Springs,26,38.8339,-104.8214
3595,Colorado Springs,53,38.8339,-104.8214
3596,Fort Collins,169,40.5853,-105.0844
3599,Boulder,10,40.015,-105.2705
3631,Fort Collins,109,40.5853,-105.0844
3635,Colorado Springs,141,38.8339,-104.8214
3637,Fort Collins,165,40.5853,-105.0844
3639,Fort Collins,1467,40.5853,-105.0844
3646,Colorado Springs,53,38.8339,-104.8214
3648,Colorado Springs,206,38.8339,-104.8214
3651,Aurora,28,39.7294,-104.8319
3651,Colorado Springs,24,38.8339,-104.8214
3657,Aurora,68,39.7294,-104.8319
3667,Colorado Springs,18,38.8339,-104.8214
3668,Colorado Springs,80,38.8339,-104.8214
3674,Fort Collins,37,40.5853,-105.0844
3712,Fort Collins,13,40.5853,-105.0844
4532,Colorado Springs,63,38.8339,-104.8214
4534,Aurora,22,39.7294,-104.8319
4611,Colorado Springs,43,38.8339,-104.8214
4612,Colorado Springs,72,38.8339,-104.8214
4613,Colorado Springs,596,38.8339,-104.8214
4614,Colorado Springs,41,38.8339,-104.8214
4616,Fort Collins,27,40.5853,-105.0844
4617,Aurora,17,39.7294,-104.8319
4617,Fort Collins,22,40.5853,-105.0844
4621,Aurora,30,39.7294,-104.8319
4648,Aurora,12,39.7294,-104.8319
4648,Fort Collins,18,40.5853,-105.0844
4841,Fort Collins,26,40.5853,-105.0844
4842,Lakewood,11,39.7047,-105.0814
4902,Aurora,38,39.7294,-104.8319
4945,Boulder,187,40.015,-105.2705
5145,Boulder,10,40.015,-105.2705
5207,Fort Collins,26,40.5853,-105.0844
5285,Aurora,23,39.7294,-104.8319
5375,Boulder,99,40.015,-105.2705
5400,Colorado Springs,241,38.8339,-104.8214
5401,Fort Collins,14,40.5853,-105.0844
5404,Aurora,22,39.7294,-104.8319
5408,Aurora,13,39.7294,-104.8319
5408,Colorado Springs,10,38.8339,-104.8214
5408,Fort Collins,30,40.5853,-105.0844
5412,Aurora,10,39.7294,-104.8319
5588,Fort Collins,488,40.5853,-105.0844
5589,Fort Collins,329,40.5853,-105.0844
5592,Fort Collins,17,40.5853,-105.0844
5593,Aurora,270,39.7294,-104.8319
5594,Aurora,82,39.7294,-104.8319
5595,Aurora,10,39.7294,-104.8319
5598,Colorado Springs,994,38.8339,-104.8214
5599,Colorado Springs,566,38.8339,-104.8214
5603,Fort Collins,48,40.5853,-105.0844
5605,Aurora,38,39.7294,-104.8319
5607,Fort Collins,306,40.5853,-105.0844
5609,Colorado Springs,122,38.8339,-104.8214
5615,Colorado Springs,17,38.8339,-104.8214
5619,Colorado Springs,10,38.8339,-104.8214
5621,Colorado Springs,17,38.8339,-104.8214
5627,Aurora,14,39.7294,-104.8319
5628,Fort Collins,26,40.5853,-105.0844
5657,Aurora,33,39.7294,-104.8319
6106,Fort Collins,18,40.5853,-105.0844
6107,Boulder,11,40.015,-105.2705
6169,Fort Collins,35,40.5853,-105.0844
6184,Fort Collins,181,40.5853,-105.0844
6185,Aurora,239,39.7294,-104.8319
6186,Aurora,14,39.7294,-104.8319
6191,Aurora,39,39.7294,-104.8319
6191,Colorado Springs,29,38.8339,-104.8214
6191,Fort Collins,226,40.5853,-105.0844
6192,Colorado Springs,278,38.8339,-104.8214
6193,Boulder,322,40.015,-105.2705
6194,Boulder,69,40.015,-105.2705
6197,Aurora,54,39.7294,-104.8319
6199,Aurora,136,39.7294,-104.8319
6201,Fort Collins,77,40.5853,-105.0844
6202,Aurora,131,39.7294,-104.8319
6204,Colorado Springs,23,38.8339,-104.8214
6207,Fort Collins,17,40.5853,-105.0844
6208,Aurora,45,39.7294,-104.8319
6208,Fort Collins,257,40.5853,-105.0844
6220,Fort Collins,60,40.5853,-105.0844
6228,Fort Collins,11,40.5853,-105.0844
6233,Colorado Springs,22,38.8339,-104.8214
6506,Aurora,33,39.7294,-104.8319
6506,Fort Collins,38,40.5853,-105.0844
6535,Aurora,10,39.7294,-104.8319
6567,Fort Collins,27,40.5853,-105.0844
6575,Boulder,13,40.015,-105.2705
6580,Fort Collins,491,40.5853,-105.0844
6581,Fort Collins,143,40.5853,-105.0844
6582,Aurora,57,39.7294,-104.8319
6583,Aurora,64,39.7294,-104.8319
6586,Colorado Springs,13,38.8339,-104.8214
6587,Aurora,46,39.7294,-104.8319
6587,Fort Collins,360,40.5853,-105.0844
6588,Colorado Springs,137,38.8339,-104.8214
6589,Colorado Springs,271,38.8339,-104.8214
6590,Fort Collins,85,40.5853,-105.0844
6594,Colorado Springs,39,38.8339,-104.8214
6595,Aurora,36,39.7294,-104.8319
6596,Aurora,13,39.7294,-104.8319
6596,Fort Collins,183,40.5853,-105.0844
6597,Aurora,11,39.7294,-104.8319
6601,Fort Collins,670,40.5853,-105.0844
6602,Aurora,44,39.7294,-104.8319
6603,Aurora,1574,39.7294,-104.8319
6605,Aurora,88,39.7294,-104.8319
6606,Aurora,10,39.7294,-104.8319
6606,Fort Collins,35,40.5853,-105.0844
6609,Fort Collins,50,40.5853,-105.0844
6612,Aurora,20,39.7294,-104.8319
6612,Boulder,311,40.015,-105.2705
6613,Boulder,45,40.015,-105.2705
6614,Fort Collins,100,40.5853,-105.0844
6615,Aurora,61,39.7294,-104.8319
6617,Denver,29,39.7392,-104.9903
6618,Boulder,95,40.015,-105.2705
6621,Aurora,25,39.7294,-104.8319
6622,Lakewood,72,39.7047,-105.0814
6623,Aurora,11,39.7294,-104.8319
6625,Aurora,66,39.7294,-104.8319
6626,Aurora,87,39.7294,-104.8319
6627,Aurora,46,39.7294,-104.8319
6629,Colorado Springs,36,38.8339,-104.8214
6630,Aurora,73,39.7294,-104.8319
6633,Fort Collins,19,40.5853,-105.0844
6636,Aurora,117,39.7294,-104.8319
6636,Fort Collins,38,40.5853,-105.0844
6638,Colorado Springs,13,38.8339,-104.8214
6639,Aurora,25,39.7294,-104.8319
6649,Boulder,10,40.015,-105.2705
6649,Denver,25,39.7392,-104.9903
6650,Aurora,66,39.7294,-104.8319
6669,Aurora,11,39.7294,-104.8319
6679,Boulder,64,40.015,-105.2705
6735,Aurora,42,39.7294,-104.8319
6736,Aurora,13,39.7294,-104.8319
6736,Boulder,51,40.015,-105.2705
6736,Colorado Springs,10,38.8339,-104.8214
6737,Aurora,307,39.7294,-104.8319
6738,Boulder,10,40.015,-105.2705
6738,Fort Collins,36,40.5853,-105.0844
6742,Colorado Springs,48,38.8339,-104.8214
6743,Colorado Springs,11,38.8339,-104.8214
6748,Colorado Springs,14,38.8339,-104.8214
6750,Aurora,14,39.7294,-104.8319
6753,Fort Collins,14,40.5853,-105.0844
6777,Aurora,81,39.7294,-104.8319
6778,Aurora,53,39.7294,-104.8319
6779,Aurora,121,39.7294,-104.8319
6781,Aurora,10,39.7294,-104.8319
6782,Fort Collins,63,40.5853,-105.0844
6783,Aurora,44,39.7294,-104.8319
6786,Aurora,29,39.7294,-104.8319
6788,Aurora,41,39.7294,-104.8319
6791,Aurora,10,39.7294,-104.8319
6792,Aurora,17,39.7294,-104.8319
6825,Aurora,262,39.7294,-104.8319
6827,Colorado Springs,20,38.8339,-104.8214
6829,Colorado Springs,26,38.8339,-104.8214
6832,Fort Collins,95,40.5853,-105.0844
6834,Aurora,86,39.7294,-104.8319
6834,Colorado Springs,88,38.8339,-104.8214
6840,Aurora,43,39.7294,-104.8319
6895,Aurora,13,39.7294,-104.8319
6895,Fort Collins,186,40.5853,-105.0844
6896,Aurora,72,39.7294,-104.8319
6896,Boulder,33,40.015,-105.2705
6896,Colorado Springs,1010,38.8339,-104.8214
6898,Aurora,13,39.7294,-104.8319
6898,Fort Collins,21,40.5853,-105.0844
6899,Aurora,93,39.7294,-104.8319
6899,Fort Collins,464,40.5853,-105.0844
6900,Boulder,100,40.015,-105.2705
6901,Fort Collins,440,40.5853,-105.0844
6902,Aurora,78,39.7294,-104.8319
6902,Fort Collins,720,40.5853,-105.0844
6903,Aurora,35,39.7294,-104.8319
6903,Fort Collins,631,40.5853,-105.0844
6904,Aurora,246,39.7294,-104.8319
6904,Fort Collins,27,40.5853,-105.0844
6905,Fort Collins,358,40.5853,-105.0844
6906,Aurora,89,39.7294,-104.8319
6906,Fort Collins,417,40.5853,-105.0844
6907,Aurora,26,39.7294,-104.8319
6907,Fort Collins,217,40.5853,-105.0844
6908,Aurora,114,39.7294,-104.8319
6908,Fort Collins,218,40.5853,-105.0844
6909,Fort Collins,11,40.5853,-105.0844
6910,Aurora,191,39.7294,-104.8319
6912,Fort Collins,28,40.5853,-105.0844
6913,Aurora,26,39.7294,-104.8319
6913,Fort Collins,67,40.5853,-105.0844
6914,Fort Collins,55,40.5853,-105.0844
6915,Fort Collins,62,40.5853,-105.0844
6916,Aurora,58,39.7294,-104.8319
6916,Fort Collins,207,40.5853,-105.0844
6917,Colorado Springs,232,38.8339,-104.8214
6917,Fort Collins,81,40.5853,-105.0844
6918,Colorado Springs,191,38.8339,-104.8214
6919,Aurora,31,39.7294,-104.8319
6920,Colorado Springs,2100,38.8339,-104.8214
6921,Aurora,144,39.7294,-104.8319
6922,Aurora,74,39.7294,-104.8319
6923,Aurora,17,39.7294,-104.8319
6923,Fort Collins,148,40.5853,-105.0844
6924,Fort Collins,27,40.5853,-105.0844
6925,Aurora,256,39.7294,-104.8319
6927,Aurora,363,39.7294,-104.8319
6930,Colorado Springs,50,38.8339,-104.8214
6931,Colorado Springs,256,38.8339,-104.8214
6932,Aurora,880,39.7294,-104.8319
6934,Fort Collins,27,40.5853,-105.0844
6935,Colorado Springs,28,38.8339,-104.8214
6936,Aurora,48,39.7294,-104.8319
6937,Fort Collins,11,40.5853,-105.0844
6938,Fort Collins,37,40.5853,-105.0844
6942,Aurora,96,39.7294,-104.8319
6977,Fort Collins,10,40.5853,-105.0844
6979,Aurora,135,39.7294,-104.8319
6981,Aurora,155,39.7294,-104.8319
6983,Aurora,14,39.7294,-104.8319
6984,Fort Collins,24,40.5853,-105.0844
6987,Aurora,13,39.7294,-104.8319
6987,Colorado Springs,174,38.8339,-104.8214
6988,Fort Collins,59,40.5853,-105.0844
6991,Colorado Springs,10,38.8339,-104.8214
6994,Colorado Springs,12,38.8339,-104.8214
7008,Colorado Springs,13,38.8339,-104.8214
7009,Colorado Springs,10,38.8339,-104.8214
7077,Aurora,13,39.7294,-104.8319
7079,Colorado Springs,10,38.8339,-104.8214
7103,Aurora,21,39.7294,-104.8319
7103,Fort Collins,219,40.5853,-105.0844
7104,Aurora,16,39.7294,-104.8319
7104,Fort Collins,34,40.5853,-105.0844
7105,Colorado Springs,228,38.8339,-104.8214
7106,Fort Collins,43,40.5853,-105.0844
7108,Fort Collins,68,40.5853,-105.0844
7109,Colorado Springs,65,38.8339,-104.8214
7110,Boulder,105,40.015,-105.2705
7112,Fort Collins,10,40.5853,-105.0844
7113,Fort Collins,12,40.5853,-105.0844
7115,Aurora,37,39.7294,-104.8319
7115,Fort Collins,77,40.5853,-105.0844
7116,Aurora,19,39.7294,-104.8319
7147,Fort Collins,571,40.5853,-105.0844
7148,Aurora,39,39.7294,-104.8319
7148,Fort Collins,222,40.5853,-105.0844
7149,Aurora,186,39.7294,-104.8319
7150,Fort Collins,533,40.5853,-105.0844
7152,Fort Collins,128,40.5853,-105.0844
7153,Fort Collins,14,40.5853,-105.0844
7169,Fort Collins,484,40.5853,-105.0844
7170,Aurora,112,39.7294,-104.8319
7170,Fort Collins,111,40.5853,-105.0844
7199,Fort Collins,10,40.5853,-105.0844
7205,Aurora,40,39.7294,-104.8319
7205,Fort Collins,34,40.5853,-105.0844
7207,Fort Collins,76,40.5853,-105.0844
7223,Aurora,87,39.7294,-104.8319
7223,Colorado Springs,32,38.8339,-104.8214
7225,Aurora,50,39.7294,-104.8319
7225,Fort Collins,16,40.5853,-105.0844
7226,Fort Collins,232,40.5853,-105.0844
7227,Aurora,67,39.7294,-104.8319
7228,Colorado Springs,46,38.8339,-104.8214
7231,Aurora,225,39.7294,-104.8319
7234,Fort Collins,78,40.5853,-105.0844
7237,Colorado Springs,24,38.8339,-104.8214
7239,Aurora,18,39.7294,-104.8319
7242,Fort Collins,75,40.5853,-105.0844
7244,Colorado Springs,118,38.8339,-104.8214
7245,Aurora,36,39.7294,-104.8319
7254,Colorado Springs,17,38.8339,-104.8214
7258,Colorado Springs,15,38.8339,-104.8214
7358,Boulder,2100,40.015,-105.2705
7359,Fort Collins,520,40.5853,-105.0844
7360,Colorado Springs,161,38.8339,-104.8214
7361,Colorado Springs,28,38.8339,-104.8214
7362,Colorado Springs,441,38.8339,-104.8214
7363,Aurora,38,39.7294,-104.8319
7363,Colorado Springs,34,38.8339,-104.8214
7363,Fort Collins,19,40.5853,-105.0844
7364,Aurora,81,39.7294,-104.8319
7365,Aurora,602,39.7294,-104.8319
7366,Aurora,153,39.7294,-104.8319
7367,Aurora,12,39.7294,-104.8319
7367,Colorado Springs,21,38.8339,-104.8214
7368,Fort Collins,128,40.5853,-105.0844
7369,Aurora,19,39.7294,-104.8319
7375,Colorado Springs,18,38.8339,-104.8214
7381,Colorado Springs,10,38.8339,-104.8214
7384,Fort Collins,12,40.5853,-105.0844
7391,Colorado Springs,10,38.8339,-104.8214
7464,Fort Collins,1967,40.5853,-105.0844
7465,Boulder,345,40.015,-105.2705
7468,Colorado Springs,18,38.8339,-104.8214
7516,Boulder,147,40.015,-105.2705
7517,Aurora,38,39.7294,-104.8319
7517,Fort Collins,676,40.5853,-105.0844
7518,Aurora,659,39.7294,-104.8319
7519,Aurora,243,39.7294,-104.8319
7519,Fort Collins,14,40.5853,-105.0844
7520,Colorado Springs,117,38.8339,-104.8214
7521,Aurora,1179,39.7294,-104.8319
7522,Aurora,331,39.7294,-104.8319
7523,Aurora,609,39.7294,-104.8319
7524,Aurora,1916,39.7294,-104.8319
7525,Fort Collins,268,40.5853,-105.0844
7527,Colorado Springs,56,38.8339,-104.8214
7528,Colorado Springs,131,38.8339,-104.8214
7530,Colorado Springs,478,38.8339,-104.8214
7531,Fort Collins,83,40.5853,-105.0844
7532,Colorado Springs,209,38.8339,-104.8214
7533,Colorado Springs,37,38.8339,-104.8214
7534,Fort Collins,103,40.5853,-105.0844
7535,Fort Collins,76,40.5853,-105.0844
7536,Aurora,84,39.7294,-104.8319
7538,Aurora,311,39.7294,-104.8319
7539,Colorado Springs,453,38.8339,-104.8214
7540,Aurora,80,39.7294,-104.8319
7541,Colorado Springs,370,38.8339,-104.8214
7542,Colorado Springs,75,38.8339,-104.8214
7543,Colorado Springs,52,38.8339,-104.8214
7544,Fort Collins,92,40.5853,-105.0844
7547,Aurora,175,39.7294,-104.8319
7547,Boulder,11,40.015,-105.2705
7549,Colorado Springs,115,38.8339,-104.8214
7550,Aurora,479,39.7294,-104.8319
7551,Fort Collins,80,40.5853,-105.0844
7552,Fort Collins,120,40.5853,-105.0844
7553,Fort Collins,130,40.5853,-105.0844
7554,Colorado Springs,103,38.8339,-104.8214
7555,Fort Collins,248,40.5853,-105.0844
7557,Aurora,147,39.7294,-104.8319
7557,Fort Collins,356,40.5853,-105.0844
7558,Aurora,75,39.7294,-104.8319
7558,Fort Collins,12,40.5853,-105.0844
7561,Fort Collins,193,40.5853,-105.0844
7563,Fort Collins,82,40.5853,-105.0844
7566,Colorado Springs,41,38.8339,-104.8214
7568,Fort Collins,14,40.5853,-105.0844
7569,Colorado Springs,508,38.8339,-104.8214
7571,Denver,263,39.7392,-104.9903
7572,Aurora,30,39.7294,-104.8319
7573,Colorado Springs,482,38.8339,-104.8214
7575,Boulder,188,40.015,-105.2705
7577,Fort Collins,34,40.5853,-105.0844
7578,Colorado Springs,24,38.8339,-104.8214
7579,Aurora,92,39.7294,-104.8319
7580,Fort Collins,380,40.5853,-105.0844
7581,Aurora,62,39.7294,-104.8319
7582,Fort Collins,386,40.5853,-105.0844
7586,Aurora,71,39.7294,-104.8319
7587,Fort Collins,85,40.5853,-105.0844
7588,Fort Collins,148,40.5853,-105.0844
7589,Fort Collins,47,40.5853,-105.0844
7591,Aurora,95,39.7294,-104.8319
7592,Boulder,73,40.015,-105.2705
7592,Colorado Springs,183,38.8339,-104.8214
7594,Colorado Springs,70,38.8339,-104.8214
7595,Colorado Springs,213,38.8339,-104.8214
7597,Colorado Springs,38,38.8339,-104.8214
7598,Aurora,64,39.7294,-104.8319
7599,Aurora,187,39.7294,-104.8319
7599,Boulder,11,40.015,-105.2705
7599,Fort Collins,65,40.5853,-105.0844
7600,Colorado Springs,101,38.8339,-104.8214
7602,Aurora,18,39.7294,-104.8319
7602,Fort Collins,426,40.5853,-105.0844
7604,Aurora,43,39.7294,-104.8319
7604,Colorado Springs,159,38.8339,-104.8214
7605,Colorado Springs,51,38.8339,-104.8214
7606,Colorado Springs,1219,38.8339,-104.8214
7607,Colorado Springs,91,38.8339,-104.8214
7608,Colorado Springs,55,38.8339,-104.8214
7610,Colorado Springs,21,38.8339,-104.8214
7611,Fort Collins,11,40.5853,-105.0844
7615,Aurora,274,39.7294,-104.8319
7615,Colorado Springs,87,38.8339,-104.8214
7617,Aurora,68,39.7294,-104.8319
7617,Colorado Springs,12,38.8339,-104.8214
7619,Colorado Springs,12,38.8339,-104.8214
7620,Aurora,58,39.7294,-104.8319
7622,Aurora,25,39.7294,-104.8319
7624,Fort Collins,26,40.5853,-105.0844
7630,Colorado Springs,10,38.8339,-104.8214
7632,Colorado Springs,133,38.8339,-104.8214
7633,Colorado Springs,79,38.8339,-104.8214
7634,Aurora,12,39.7294,-104.8319
7635,Colorado Springs,45,38.8339,-104.8214
7636,Aurora,62,39.7294,-104.8319
7638,Fort Collins,71,40.5853,-105.0844
7641,Aurora,107,39.7294,-104.8319
7643,Colorado Springs,12,38.8339,-104.8214
7644,Colorado Springs,59,38.8339,-104.8214
7647,Colorado Springs,100,38.8339,-104.8214
7653,Fort Collins,29,40.5853,-105.0844
7654,Aurora,14,39.7294,-104.8319
7656,Aurora,29,39.7294,-104.8319
7659,Colorado Springs,91,38.8339,-104.8214
7660,Colorado Springs,24,38.8339,-104.8214
7662,Aurora,1046,39.7294,-104.8319
7666,Denver,87,39.7392,-104.9903
7673,Fort Collins,111,40.5853,-105.0844
7680,Aurora,125,39.7294,-104.8319
7681,Aurora,13,39.7294,-104.8319
7682,Aurora,26,39.7294,-104.8319
7694,Aurora,11,39.7294,-104.8319
7698,Aurora,113,39.7294,-104.8319
7715,Aurora,231,39.7294,-104.8319
7728,Boulder,66,40.015,-105.2705
7737,Boulder,104,40.015,-105.2705
7741,Colorado Springs,50,38.8339,-104.8214
7746,Fort Collins,63,40.5853,-105.0844
7748,Colorado Springs,17,38.8339,-104.8214
7984,Fort Collins,28,40.5853,-105.0844
7999,Fort Collins,19,40.5853,-105.0844
8001,Fort Collins,10,40.5853,-105.0844
8002,Aurora,355,39.7294,-104.8319
8003,Colorado Springs,374,38.8339,-104.8214
8004,Fort Collins,66,40.5853,-105.0844
8005,Fort Collins,91,40.5853,-105.0844
8008,Fort Collins,13,40.5853,-105.0844
8009,Colorado Springs,25,38.8339,-104.8214
8111,Colorado Springs,103,38.8339,-104.8214
8112,Aurora,191,39.7294,-104.8319
8113,Fort Collins,170,40.5853,-105.0844
8124,Fort Collins,270,40.5853,-105.0844
8125,Fort Collins,446,40.5853,-105.0844
8126,Fort Collins,27,40.5853,-105.0844
8127,Aurora,36,39.7294,-104.8319
8128,Aurora,40,39.7294,-104.8319
8129,Aurora,14,39.7294,-104.8319
8135,Aurora,12,39.7294,-104.8319
8136,Aurora,1459,39.7294,-104.8319
8155,Aurora,1588,39.7294,-104.8319
8155,Fort Collins,41,40.5853,-105.0844
8210,Boulder,512,40.015,-105.2705
8211,Colorado Springs,1082,38.8339,-104.8214
8240,Aurora,28,39.7294,-104.8319
8240,Fort Collins,177,40.5853,-105.0844
8242,Fort Collins,42,40.5853,-105.0844
8243,Aurora,326,39.7294,-104.8319
8255,Fort Collins,26,40.5853,-105.0844
8256,Fort Collins,333,40.5853,-105.0844
8257,Aurora,211,39.7294,-104.8319
8283,Colorado Springs,305,38.8339,-104.8214
8284,Aurora,81,39.7294,-104.8319
8285,Aurora,24,39.7294,-104.8319
8286,Colorado Springs,50,38.8339,-104.8214
8287,Aurora,25,39.7294,-104.8319
8288,Colorado Springs,54,38.8339,-104.8214
8290,Aurora,22,39.7294,-104.8319
8379,Fort Collins,608,40.5853,-105.0844
8400,Colorado Springs,457,38.8339,-104.8214
8401,Boulder,90,40.015,-105.2705
8401,Fort Collins,73,40.5853,-105.0844
8425,Aurora,2100,39.7294,-104.8319
8426,Aurora,168,39.7294,-104.8319
8428,Boulder,26,40.015,-105.2705
8429,Aurora,128,39.7294,-104.8319
8430,Boulder,65,40.015,-105.2705
8431,Aurora,11,39.7294,-104.8319
8431,Fort Collins,90,40.5853,-105.0844
8466,Fort Collins,88,40.5853,-105.0844
8467,Aurora,16,39.7294,-104.8319
8533,Colorado Springs,72,38.8339,-104.8214
8534,Fort Collins,24,40.5853,-105.0844
8535,Fort Collins,10,40.5853,-105.0844
8537,Boulder,14,40.015,-105.2705
8539,Aurora,87,39.7294,-104.8319
8540,Fort Collins,11,40.5853,-105.0844
8541,Aurora,90,39.7294,-104.8319
8541,Colorado Springs,256,38.8339,-104.8214
8544,Fort Collins,41,40.5853,-105.0844
8545,Aurora,13,39.7294,-104.8319
8724,Fort Collins,540,40.5853,-105.0844
8738,Colorado Springs,20,38.8339,-104.8214
8740,Colorado Springs,40,38.8339,-104.8214
8794,Boulder,63,40.015,-105.2705
8816,Aurora,140,39.7294,-104.8319
8869,Aurora,138,39.7294,-104.8319
8888,Aurora,20,39.7294,-104.8319
8888,Fort Collins,376,40.5853,-105.0844
8889,Fort Collins,62,40.5853,-105.0844
8893,Fort Collins,242,40.5853,-105.0844
8894,Fort Collins,10,40.5853,-105.0844
8895,Fort Collins,93,40.5853,-105.0844
8896,Aurora,32,39.7294,-104.8319
8897,Fort Collins,38,40.5853,-105.0844
8902,Aurora,12,39.7294,-104.8319
8902,Fort Collins,21,40.5853,-105.0844
8907,Colorado Springs,77,38.8339,-104.8214
8908,Fort Collins,19,40.5853,-105.0844
8910,Colorado Springs,11,38.8339,-104.8214
8913,Fort Collins,11,40.5853,-105.0844
8914,Colorado Springs,22,38.8339,-104.8214
8923,Fort Collins,23,40.5853,-105.0844
8924,Fort Collins,14,40.5853,-105.0844
8937,Fort Collins,42,40.5853,-105.0844
9108,Fort Collins,112,40.5853,-105.0844
9110,Aurora,25,39.7294,-104.8319
9219,Aurora,14,39.7294,-104.8319
9220,Colorado Springs,222,38.8339,-104.8214
9301,Colorado Springs,13,38.8339,-104.8214
9305,Aurora,122,39.7294,-104.8319
9306,Colorado Springs,16,38.8339,-104.8214
9309,Colorado Springs,51,38.8339,-104.8214
9402,Fort Collins,2100,40.5853,-105.0844
9404,Aurora,2100,39.7294,-104.8319
9405,Colorado Springs,2100,38.8339,-104.8214
9407,Boulder,81,40.015,-105.2705
9407,Fort Collins,20,40.5853,-105.0844
9408,Aurora,72,39.7294,-104.8319
9408,Fort Collins,62,40.5853,-105.0844
9409,Fort Collins,248,40.5853,-105.0844
9411,Boulder,43,40.015,-105.2705
9412,Aurora,61,39.7294,-104.8319
9413,Aurora,60,39.7294,-104.8319
9414,Colorado Springs,29,38.8339,-104.8214
9415,Colorado Springs,14,38.8339,-104.8214
9416,Boulder,114,40.015,-105.2705
9417,Fort Collins,32,40.5853,-105.0844
9419,Aurora,51,39.7294,-104.8319
9420,Aurora,182,39.7294,-104.8319
9422,Aurora,17,39.7294,-104.8319
9427,Boulder,44,40.015,-105.2705
9428,Colorado Springs,47,38.8339,-104.8214
9430,Boulder,27,40.015,-105.2705
9441,Aurora,103,39.7294,-104.8319
9529,Colorado Springs,234,38.8339,-104.8214
9562,Colorado Springs,600,38.8339,-104.8214
9563,Aurora,12,39.7294,-104.8319
9564,Aurora,39,39.7294,-104.8319
9564,Fort Collins,134,40.5853,-105.0844
9566,Aurora,17,39.7294,-104.8319
9569,Aurora,16,39.7294,-104.8319
9569,Fort Collins,154,40.5853,-105.0844
9570,Fort Collins,129,40.5853,-105.0844
9571,Fort Collins,27,40.5853,-105.0844
9573,Aurora,13,39.7294,-104.8319
9574,Aurora,21,39.7294,-104.8319
9574,Fort Collins,13,40.5853,-105.0844
9576,Fort Collins,64,40.5853,-105.0844
9580,Fort Collins,83,40.5853,-105.0844
9581,Fort Collins,27,40.5853,-105.0844
9582,Aurora,11,39.7294,-104.8319
9582,Colorado Springs,77,38.8339,-104.8214
9583,Colorado Springs,16,38.8339,-104.8214
9591,Boulder,25,40.015,-105.2705
9597,Fort Collins,11,40.5853,-105.0844
9722,Boulder,175,40.015,-105.2705
9729,Fort Collins,43,40.5853,-105.0844
9793,Boulder,37,40.015,-105.2705
9794,Colorado Springs,23,38.8339,-104.8214
9833,Colorado Springs,108,38.8339,-104.8214
9840,Aurora,19,39.7294,-104.8319
9847,Colorado Springs,175,38.8339,-104.8214
9906,Colorado Springs,79,38.8339,-104.8214
9908,Colorado Springs,29,38.8339,-104.8214
9910,Colorado Springs,11,38.8339,-104.8214
9952,Aurora,27,39.7294,-104.8319
9952,Colorado Springs,2073,38.8339,-104.8214
9953,Aurora,59,39.7294,-104.8319
9954,Aurora,512,39.7294,-104.8319
9955,Aurora,391,39.7294,-104.8319
9956,Aurora,157,39.7294,-104.8319
9956,Fort Collins,111,40.5853,-105.0844
9957,Colorado Springs,2100,38.8339,-104.8214
9958,Aurora,294,39.7294,-104.8319
9960,Aurora,435,39.7294,-104.8319
9961,Aurora,23,39.7294,-104.8319
9970,Aurora,2100,39.7294,-104.8319
9971,Colorado Springs,272,38.8339,-104.8214
9972,Fort Collins,37,40.5853,-105.0844
9974,Aurora,227,39.7294,-104.8319
9977,Colorado Springs,14,38.8339,-104.8214
9994,Boulder,17,40.015,-105.2705
9995,Fort Collins,47,40.5853,-105.0844
10025,Boulder,34,40.015,-105.2705
10026,Boulder,69,40.015,-105.2705
10058,Colorado Springs,10,38.8339,-104.8214
10060,Aurora,17,39.7294,-104.8319
10126,Fort Collins,115,40.5853,-105.0844
10127,Colorado Springs,15,38.8339,-104.8214
10128,Aurora,13,39.7294,-104.8319
10139,Fort Collins,392,40.5853,-105.0844
10140,Colorado Springs,27,38.8339,-104.8214
10142,Aurora,21,39.7294,-104.8319
10155,Aurora,108,39.7294,-104.8319
10156,Fort Collins,71,40.5853,-105.0844
10163,Aurora,58,39.7294,-104.8319
10163,Colorado Springs,50,38.8339,-104.8214
10196,Fort Collins,21,40.5853,-105.0844
10197,Aurora,26,39.7294,-104.8319
10197,Fort Collins,46,40.5853,-105.0844
10198,Aurora,207,39.7294,-104.8319
10198,Fort Collins,73,40.5853,-105.0844
10200,Aurora,78,39.7294,-104.8319
10200,Fort Collins,22,40.5853,-105.0844
10202,Fort Collins,14,40.5853,-105.0844
10262,Aurora,11,39.7294,-104.8319
10263,Aurora,55,39.7294,-104.8319
10299,Fort Collins,150,40.5853,-105.0844
10300,Aurora,108,39.7294,-104.8319
10313,Aurora,31,39.7294,-104.8319
10332,Aurora,15,39.7294,-104.8319
10332,Fort Collins,135,40.5853,-105.0844
10333,Fort Collins,235,40.5853,-105.0844
10334,Aurora,20,39.7294,-104.8319
10334,Fort Collins,78,40.5853,-105.0844
10336,Aurora,11,39.7294,-104.8319
10336,Fort Collins,129,40.5853,-105.0844
10337,Aurora,23,39.7294,-104.8319
10337,Fort Collins,86,40.5853,-105.0844
10339,Aurora,65,39.7294,-104.8319
10339,Fort Collins,562,40.5853,-105.0844
10340,Fort Collins,16,40.5853,-105.0844
10341,Fort Collins,11,40.5853,-105.0844
10342,Aurora,82,39.7294,-104.8319
10342,Fort Collins,20,40.5853,-105.0844
10343,Aurora,48,39.7294,-104.8319
10344,Aurora,14,39.7294,-104.8319
10345,Fort Collins,15,40.5853,-105.0844
10346,Fort Collins,395,40.5853,-105.0844
10348,Fort Collins,289,40.5853,-105.0844
10349,Aurora,30,39.7294,-104.8319
10349,Fort Collins,105,40.5853,-105.0844
10350,Aurora,16,39.7294,-104.8319
10350,Fort Collins,81,40.5853,-105.0844
10351,Fort Collins,85,40.5853,-105.0844
10352,Aurora,12,39.7294,-104.8319
10352,Fort Collins,194,40.5853,-105.0844
10353,Aurora,37,39.7294,-104.8319
10353,Fort Collins,782,40.5853,-105.0844
10354,Aurora,16,39.7294,-104.8319
10354,Fort Collins,328,40.5853,-105.0844
10355,Fort Collins,130,40.5853,-105.0844
10357,Fort Collins,32,40.5853,-105.0844
10358,Aurora,13,39.7294,-104.8319
10358,Fort Collins,29,40.5853,-105.0844
10359,Aurora,10,39.7294,-104.8319
10362,Fort Collins,83,40.5853,-105.0844
10363,Aurora,16,39.7294,-104.8319
10363,Fort Collins,177,40.5853,-105.0844
10366,Fort Collins,167,40.5853,-105.0844
10368,Aurora,10,39.7294,-104.8319
10369,Fort Collins,32,40.5853,-105.0844
10370,Fort Collins,23,40.5853,-105.0844
10371,Aurora,17,39.7294,-104.8319
10371,Fort Collins,18,40.5853,-105.0844
10372,Fort Collins,29,40.5853,-105.0844
10373,Aurora,86,39.7294,-104.8319
10373,Fort Collins,16,40.5853,-105.0844
10374,Aurora,12,39.7294,-104.8319
10374,Fort Collins,253,40.5853,-105.0844
10376,Fort Collins,21,40.5853,-105.0844
10377,Fort Collins,57,40.5853,-105.0844
10378,Boulder,96,40.015,-105.2705
10380,Fort Collins,14,40.5853,-105.0844
10382,Fort Collins,10,40.5853,-105.0844
10383,Fort Collins,24,40.5853,-105.0844
10385,Fort Collins,13,40.5853,-105.0844
10392,Fort Collins,19,40.5853,-105.0844
10395,Fort Collins,11,40.5853,-105.0844
10396,Fort Collins,17,40.5853,-105.0844
10397,Fort Collins,72,40.5853,-105.0844
10398,Aurora,17,39.7294,-104.8319
10410,Fort Collins,13,40.5853,-105.0844
10418,Aurora,49,39.7294,-104.8319
10420,Fort Collins,52,40.5853,-105.0844
10423,Fort Collins,11,40.5853,-105.0844
10427,Fort Collins,59,40.5853,-105.0844
10428,Fort Collins,56,40.5853,-105.0844
10433,Fort Collins,443,40.5853,-105.0844
10497,Fort Collins,11,40.5853,-105.0844
10509,Colorado Springs,2100,38.8339,-104.8214
10510,Fort Collins,1315,40.5853,-105.0844
10512,Colorado Springs,20,38.8339,-104.8214
10514,Fort Collins,11,40.5853,-105.0844
10516,Aurora,126,39.7294,-104.8319
10520,Aurora,114,39.7294,-104.8319
10530,Boulder,976,40.015,-105.2705
10531,Aurora,1760,39.7294,-104.8319
10531,Boulder,340,40.015,-105.2705
10532,Aurora,2100,39.7294,-104.8319
10533,Aurora,2100,39.7294,-104.8319
10534,Colorado Springs,148,38.8339,-104.8214
10535,Fort Collins,60,40.5853,-105.0844
10536,Aurora,210,39.7294,-104.8319
10537,Fort Collins,346,40.5853,-105.0844
10538,Boulder,446,40.015,-105.2705
10539,Aurora,2100,39.7294,-104.8319
10540,Aurora,29,39.7294,-104.8319
10541,Fort Collins,220,40.5853,-105.0844
10542,Fort Collins,615,40.5853,-105.0844
10543,Fort Collins,273,40.5853,-105.0844
10544,Fort Collins,191,40.5853,-105.0844
10545,Aurora,44,39.7294,-104.8319
10546,Fort Collins,217,40.5853,-105.0844
10548,Aurora,101,39.7294,-104.8319
10548,Fort Collins,350,40.5853,-105.0844
10549,Aurora,93,39.7294,-104.8319
10550,Colorado Springs,524,38.8339,-104.8214
10551,Boulder,640,40.015,-105.2705
10552,Aurora,20,39.7294,-104.8319
10553,Fort Collins,418,40.5853,-105.0844
10554,Fort Collins,32,40.5853,-105.0844
10555,Fort Collins,11,40.5853,-105.0844
10557,Fort Collins,777,40.5853,-105.0844
10558,Aurora,17,39.7294,-104.8319
10562,Fort Collins,28,40.5853,-105.0844
10563,Aurora,51,39.7294,-104.8319
10565,Fort Collins,21,40.5853,-105.0844
10566,Fort Collins,74,40.5853,-105.0844
10571,Aurora,142,39.7294,-104.8319
10575,Colorado Springs,115,38.8339,-104.8214
10576,Fort Collins,18,40.5853,-105.0844
10580,Fort Collins,21,40.5853,-105.0844
10604,Aurora,80,39.7294,-104.8319
10604,Fort Collins,42,40.5853,-105.0844
10605,Fort Collins,60,40.5853,-105.0844
10607,Fort Collins,69,40.5853,-105.0844
10612,Aurora,150,39.7294,-104.8319
10613,Aurora,67,39.7294,-104.8319
10613,Fort Collins,10,40.5853,-105.0844
10615,Fort Collins,25,40.5853,-105.0844
10617,Aurora,21,39.7294,-104.8319
10617,Fort Collins,245,40.5853,-105.0844
10618,Fort Collins,10,40.5853,-105.0844
10620,Aurora,16,39.7294,-104.8319
10620,Fort Collins,24,40.5853,-105.0844
10622,Aurora,10,39.7294,-104.8319
10622,Fort Collins,77,40.5853,-105.0844
10626,Fort Collins,13,40.5853,-105.0844
10627,Aurora,19,39.7294,-104.8319
10627,Fort Collins,31,40.5853,-105.0844
10628,Fort Collins,250,40.5853,-105.0844
10629,Aurora,161,39.7294,-104.8319
10630,Aurora,20,39.7294,-104.8319
10630,Fort Collins,142,40.5853,-105.0844
10632,Fort Collins,16,40.5853,-105.0844
10634,Fort Collins,31,40.5853,-105.0844
10636,Aurora,26,39.7294,-104.8319
10637,Fort Collins,68,40.5853,-105.0844
10638,Aurora,81,39.7294,-104.8319
10641,Aurora,17,39.7294,-104.8319
10644,Fort Collins,29,40.5853,-105.0844
10645,Aurora,40,39.7294,-104.8319
10651,Fort Collins,135,40.5853,-105.0844
10653,Aurora,204,39.7294,-104.8319
10653,Fort Collins,67,40.5853,-105.0844
10658,Aurora,22,39.7294,-104.8319
10659,Aurora,21,39.7294,-104.8319
10659,Fort Collins,10,40.5853,-105.0844
10663,Fort Collins,24,40.5853,-105.0844
10664,Fort Collins,18,40.5853,-105.0844
10665,Fort Collins,12,40.5853,-105.0844
10666,Aurora,164,39.7294,-104.8319
10667,Fort Collins,149,40.5853,-105.0844
10668,Aurora,183,39.7294,-104.8319
10668,Fort Collins,56,40.5853,-105.0844
10669,Aurora,19,39.7294,-104.8319
10672,Fort Collins,11,40.5853,-105.0844
10673,Fort Collins,78,40.5853,-105.0844
10677,Aurora,14,39.7294,-104.8319
10679,Fort Collins,15,40.5853,-105.0844
10683,Fort Collins,20,40.5853,-105.0844
10685,Aurora,48,39.7294,-104.8319
10688,Aurora,43,39.7294,-104.8319
10690,Fort Collins,24,40.5853,-105.0844
10696,Aurora,18,39.7294,-104.8319
10699,Aurora,14,39.7294,-104.8319
10703,Fort Collins,12,40.5853,-105.0844
10705,Aurora,23,39.7294,-104.8319
10707,Aurora,20,39.7294,-104.8319
10714,Aurora,20,39.7294,-104.8319
10719,Aurora,65,39.7294,-104.8319
10722,Aurora,139,39.7294,-104.8319
10724,Aurora,14,39.7294,-104.8319
10725,Fort Collins,48,40.5853,-105.0844
10729,Fort Collins,16,40.5853,-105.0844
10735,Fort Collins,18,40.5853,-105.0844
10738,Fort Collins,10,40.5853,-105.0844
10751,Fort Collins,14,40.5853,-105.0844
10844,Fort Collins,35,40.5853,-105.0844
10845,Colorado Springs,168,38.8339,-104.8214
10846,Aurora,277,39.7294,-104.8319
10847,Colorado Springs,141,38.8339,-104.8214
10847,Fort Collins,97,40.5853,-105.0844
10850,Fort Collins,30,40.5853,-105.0844
10853,Fort Collins,89,40.5853,-105.0844
10858,Aurora,2100,39.7294,-104.8319
10859,Fort Collins,11,40.5853,-105.0844
10947,Fort Collins,308,40.5853,-105.0844
10955,Fort Collins,11,40.5853,-105.0844
10956,Fort Collins,35,40.5853,-105.0844
10959,Aurora,72,39.7294,-104.8319
10959,Fort Collins,64,40.5853,-105.0844
10961,Aurora,13,39.7294,-104.8319
10963,Aurora,30,39.7294,-104.8319
10963,Fort Collins,10,40.5853,-105.0844
10977,Aurora,30,39.7294,-104.8319
10989,Fort Collins,44,40.5853,-105.0844
11052,Aurora,18,39.7294,-104.8319
11052,Fort Collins,59,40.5853,-105.0844
11088,Fort Collins,93,40.5853,-105.0844
11089,Fort Collins,332,40.5853,-105.0844
11107,Colorado Springs,69,38.8339,-104.8214
11151,Aurora,29,39.7294,-104.8319
11168,Colorado Springs,14,38.8339,-104.8214
11170,Fort Collins,12,40.5853,-105.0844
11195,Aurora,31,39.7294,-104.8319
11195,Fort Collins,25,40.5853,-105.0844
11199,Aurora,10,39.7294,-104.8319
11253,Aurora,21,39.7294,-104.8319
11253,Fort Collins,70,40.5853,-105.0844
11254,Aurora,2100,39.7294,-104.8319
11255,Aurora,256,39.7294,-104.8319
11256,Fort Collins,220,40.5853,-105.0844
11257,Boulder,67,40.015,-105.2705
11258,Fort Collins,51,40.5853,-105.0844
11259,Fort Collins,333,40.5853,-105.0844
11260,Fort Collins,25,40.5853,-105.0844
11262,Colorado Springs,46,38.8339,-104.8214
11264,Aurora,10,39.7294,-104.8319
11265,Fort Collins,10,40.5853,-105.0844
11266,Fort Collins,164,40.5853,-105.0844
11268,Fort Collins,25,40.5853,-105.0844
11269,Colorado Springs,82,38.8339,-104.8214
11276,Aurora,14,39.7294,-104.8319
11280,Aurora,81,39.7294,-104.8319
11282,Fort Collins,21,40.5853,-105.0844
11298,Fort Collins,16,40.5853,-105.0844
11333,Boulder,27,40.015,-105.2705
11359,Colorado Springs,12,38.8339,-104.8214
11360,Aurora,150,39.7294,-104.8319
11361,Aurora,740,39.7294,-104.8319
11372,Fort Collins,220,40.5853,-105.0844
11373,Fort Collins,19,40.5853,-105.0844
11504,Fort Collins,57,40.5853,-105.0844
11505,Aurora,2100,39.7294,-104.8319
11506,Aurora,379,39.7294,-104.8319
11507,Boulder,2100,40.015,-105.2705
11512,Colorado Springs,163,38.8339,-104.8214
11513,Aurora,940,39.7294,-104.8319
11514,Fort Collins,392,40.5853,-105.0844
11515,Aurora,1609,39.7294,-104.8319
11516,Fort Collins,124,40.5853,-105.0844
11517,Colorado Springs,211,38.8339,-104.8214
11519,Fort Collins,204,40.5853,-105.0844
11520,Aurora,564,39.7294,-104.8319
11522,Colorado Springs,191,38.8339,-104.8214
11523,Colorado Springs,125,38.8339,-104.8214
11525,Colorado Springs,197,38.8339,-104.8214
11526,Fort Collins,98,40.5853,-105.0844
11528,Aurora,11,39.7294,-104.8319
11529,Aurora,15,39.7294,-104.8319
11530,Aurora,32,39.7294,-104.8319
11530,Fort Collins,400,40.5853,-105.0844
11532,Fort Collins,1149,40.5853,-105.0844
11533,Fort Collins,63,40.5853,-105.0844
11534,Fort Collins,127,40.5853,-105.0844
11535,Fort Collins,20,40.5853,-105.0844
11536,Aurora,251,39.7294,-104.8319
11537,Aurora,93,39.7294,-104.8319
11540,Aurora,155,39.7294,-104.8319
11541,Fort Collins,78,40.5853,-105.0844
11542,Colorado Springs,114,38.8339,-104.8214
11545,Aurora,121,39.7294,-104.8319
11546,Aurora,20,39.7294,-104.8319
11546,Fort Collins,80,40.5853,-105.0844
11547,Colorado Springs,32,38.8339,-104.8214
11548,Fort Collins,16,40.5853,-105.0844
11549,Aurora,49,39.7294,-104.8319
11551,Fort Collins,38,40.5853,-105.0844
11553,Fort Collins,146,40.5853,-105.0844
11554,Fort Collins,85,40.5853,-105.0844
11555,Fort Collins,91,40.5853,-105.0844
11556,Colorado Springs,77,38.8339,-104.8214
11557,Fort Collins,248,40.5853,-105.0844
11558,Fort Collins,11,40.5853,-105.0844
11561,Colorado Springs,220,38.8339,-104.8214
11562,Fort Collins,63,40.5853,-105.0844
11563,Aurora,70,39.7294,-104.8319
11564,Fort Collins,334,40.5853,-105.0844
11565,Fort Collins,96,40.5853,-105.0844
11566,Aurora,30,39.7294,-104.8319
11567,Aurora,50,39.7294,-104.8319
11568,Aurora,22,39.7294,-104.8319
11570,Fort Collins,14,40.5853,-105.0844
11571,Aurora,156,39.7294,-104.8319
11572,Colorado Springs,78,38.8339,-104.8214
11576,Colorado Springs,64,38.8339,-104.8214
11577,Fort Collins,52,40.5853,-105.0844
11578,Fort Collins,227,40.5853,-105.0844
11580,Aurora,65,39.7294,-104.8319
11581,Fort Collins,187,40.5853,-105.0844
11583,Fort Collins,12,40.5853,-105.0844
11584,Boulder,95,40.015,-105.2705
11586,Aurora,24,39.7294,-104.8319
11587,Fort Collins,35,40.5853,-105.0844
11588,Fort Collins,15,40.5853,-105.0844
11591,Colorado Springs,74,38.8339,-104.8214
11592,Colorado Springs,29,38.8339,-104.8214
11594,Aurora,46,39.7294,-104.8319
11595,Fort Collins,40,40.5853,-105.0844
11598,Aurora,216,39.7294,-104.8319
11607,Colorado Springs,12,38.8339,-104.8214
11607,Fort Collins,12,40.5853,-105.0844
11610,Fort Collins,11,40.5853,-105.0844
11619,Fort Collins,13,40.5853,-105.0844
11620,Aurora,28,39.7294,-104.8319
11622,Fort Collins,596,40.5853,-105.0844
11627,Colorado Springs,32,38.8339,-104.8214
11632,Aurora,14,39.7294,-104.8319
11633,Aurora,111,39.7294,-104.8319
11642,Aurora,12,39.7294,-104.8319
11652,Colorado Springs,10,38.8339,-104.8214
11654,Fort Collins,22,40.5853,-105.0844
11657,Fort Collins,11,40.5853,-105.0844
11658,Fort Collins,16,40.5853,-105.0844
11660,Aurora,17,39.7294,-104.8319
11661,Aurora,33,39.7294,-104.8319
11664,Aurora,2100,39.7294,-104.8319
11699,Colorado Springs,16,38.8339,-104.8214
11701,Colorado Springs,43,38.8339,-104.8214
11703,Aurora,108,39.7294,-104.8319
11736,Aurora,29,39.7294,-104.8319
12226,Aurora,315,39.7294,-104.8319
12242,Colorado Springs,29,38.8339,-104.8214
12278,Aurora,16,39.7294,-104.8319
12313,Colorado Springs,126,38.8339,-104.8214
12347,Colorado Springs,13,38.8339,-104.8214
12395,Fort Collins,252,40.5853,-105.0844
12467,Aurora,140,39.7294,-104.8319
12470,Aurora,14,39.7294,-104.8319
12516,Aurora,35,39.7294,-104.8319
12528,Colorado Springs,34,38.8339,-104.8214
12557,Fort Collins,2100,40.5853,-105.0844
12573,Fort Collins,16,40.5853,-105.0844
12587,Fort Collins,12,40.5853,-105.0844
12594,Aurora,12,39.7294,-104.8319
12594,Fort Collins,10,40.5853,-105.0844
12595,Fort Collins,62,40.5853,-105.0844
12630,Colorado Springs,36,38.8339,-104.8214
12658,Boulder,145,40.015,-105.2705
12660,Aurora,47,39.7294,-104.8319
12853,Aurora,52,39.7294,-104.8319
12892,Fort Collins,44,40.5853,-105.0844
12893,Colorado Springs,26,38.8339,-104.8214
12894,Aurora,776,39.7294,-104.8319
13010,Colorado Springs,85,38.8339,-104.8214
13096,Aurora,2100,39.7294,-104.8319
13097,Aurora,2100,39.7294,-104.8319
13098,Aurora,2100,39.7294,-104.8319
13099,Aurora,2100,39.7294,-104.8319
13101,Fort Collins,2100,40.5853,-105.0844
13102,Aurora,2100,39.7294,-104.8319
13103,Colorado Springs,652,38.8339,-104.8214
13104,Aurora,112,39.7294,-104.8319
13104,Colorado Springs,718,38.8339,-104.8214
13105,Aurora,2100,39.7294,-104.8319
13106,Aurora,2100,39.7294,-104.8319
13107,Colorado Springs,337,38.8339,-104.8214
13108,Aurora,186,39.7294,-104.8319
13108,Colorado Springs,1905,38.8339,-104.8214
13109,Boulder,2100,40.015,-105.2705
13110,Aurora,2100,39.7294,-104.8319
13111,Aurora,2100,39.7294,-104.8319
13112,Aurora,473,39.7294,-104.8319
13113,Fort Collins,443,40.5853,-105.0844
13115,Aurora,2100,39.7294,-104.8319
13117,Fort Collins,19,40.5853,-105.0844
13118,Aurora,307,39.7294,-104.8319
13118,Colorado Springs,335,38.8339,-104.8214
13119,Aurora,332,39.7294,-104.8319
13121,Aurora,1764,39.7294,-104.8319
13122,Aurora,845,39.7294,-104.8319
13123,Colorado Springs,31,38.8339,-104.8214
13124,Colorado Springs,88,38.8339,-104.8214
13125,Fort Collins,10,40.5853,-105.0844
13126,Colorado Springs,2100,38.8339,-104.8214
13127,Colorado Springs,69,38.8339,-104.8214
13128,Aurora,15,39.7294,-104.8319
13129,Colorado Springs,1141,38.8339,-104.8214
13130,Aurora,232,39.7294,-104.8319
13130,Colorado Springs,58,38.8339,-104.8214
13131,Colorado Springs,511,38.8339,-104.8214
13132,Fort Collins,503,40.5853,-105.0844
13133,Aurora,561,39.7294,-104.8319
13134,Fort Collins,53,40.5853,-105.0844
13136,Aurora,339,39.7294,-104.8319
13137,Aurora,371,39.7294,-104.8319
13139,Fort Collins,64,40.5853,-105.0844
13140,Aurora,220,39.7294,-104.8319
13141,Aurora,1948,39.7294,-104.8319
13143,Aurora,446,39.7294,-104.8319
13144,Aurora,123,39.7294,-104.8319
13145,Fort Collins,299,40.5853,-105.0844
13146,Aurora,105,39.7294,-104.8319
13147,Aurora,100,39.7294,-104.8319
13148,Aurora,352,39.7294,-104.8319
13149,Aurora,208,39.7294,-104.8319
13150,Aurora,275,39.7294,-104.8319
13153,Fort Collins,1197,40.5853,-105.0844
13154,Aurora,155,39.7294,-104.8319
13155,Aurora,1808,39.7294,-104.8319
13156,Fort Collins,352,40.5853,-105.0844
13157,Fort Collins,912,40.5853,-105.0844
13158,Colorado Springs,70,38.8339,-104.8214
13159,Aurora,238,39.7294,-104.8319
13160,Boulder,868,40.015,-105.2705
13161,Aurora,51,39.7294,-104.8319
13162,Fort Collins,536,40.5853,-105.0844
13163,Aurora,352,39.7294,-104.8319
13164,Aurora,324,39.7294,-104.8319
13165,Aurora,265,39.7294,-104.8319
13166,Aurora,278,39.7294,-104.8319
13167,Aurora,160,39.7294,-104.8319
13168,Aurora,1350,39.7294,-104.8319
13170,Fort Collins,163,40.5853,-105.0844
13171,Aurora,52,39.7294,-104.8319
13172,Aurora,84,39.7294,-104.8319
13173,Aurora,34,39.7294,-104.8319
13174,Aurora,59,39.7294,-104.8319
13175,Aurora,2100,39.7294,-104.8319
13176,Colorado Springs,1128,38.8339,-104.8214
13177,Fort Collins,105,40.5853,-105.0844
13178,Aurora,2100,39.7294,-104.8319
13181,Aurora,1062,39.7294,-104.8319
13182,Aurora,1178,39.7294,-104.8319
13183,Aurora,306,39.7294,-104.8319
13184,Aurora,120,39.7294,-104.8319
13185,Fort Collins,61,40.5853,-105.0844
13186,Fort Collins,140,40.5853,-105.0844
13187,Aurora,2100,39.7294,-104.8319
13189,Aurora,23,39.7294,-104.8319
13190,Aurora,267,39.7294,-104.8319
13192,Aurora,1487,39.7294,-104.8319
13199,Aurora,16,39.7294,-104.8319
13199,Fort Collins,220,40.5853,-105.0844
13201,Aurora,263,39.7294,-104.8319
13202,Aurora,1089,39.7294,-104.8319
13202,Colorado Springs,1008,38.8339,-104.8214
13205,Aurora,658,39.7294,-104.8319
13208,Fort Collins,14,40.5853,-105.0844
13210,Fort Collins,16,40.5853,-105.0844
13211,Aurora,612,39.7294,-104.8319
13211,Fort Collins,115,40.5853,-105.0844
13214,Boulder,145,40.015,-105.2705
13215,Fort Collins,272,40.5853,-105.0844
13216,Aurora,141,39.7294,-104.8319
13217,Fort Collins,64,40.5853,-105.0844
13218,Aurora,70,39.7294,-104.8319
13220,Aurora,588,39.7294,-104.8319
13221,Fort Collins,18,40.5853,-105.0844
13222,Aurora,468,39.7294,-104.8319
13223,Aurora,329,39.7294,-104.8319
13225,Aurora,118,39.7294,-104.8319
13225,Colorado Springs,10,38.8339,-104.8214
13226,Aurora,239,39.7294,-104.8319
13228,Aurora,76,39.7294,-104.8319
13229,Fort Collins,97,40.5853,-105.0844
13230,Aurora,211,39.7294,-104.8319
13231,Colorado Springs,106,38.8339,-104.8214
13232,Fort Collins,134,40.5853,-105.0844
13233,Aurora,495,39.7294,-104.8319
13233,Fort Collins,33,40.5853,-105.0844
13235,Aurora,432,39.7294,-104.8319
13236,Aurora,340,39.7294,-104.8319
13237,Aurora,685,39.7294,-104.8319
13239,Aurora,149,39.7294,-104.8319
13240,Aurora,41,39.7294,-104.8319
13241,Aurora,47,39.7294,-104.8319
13242,Aurora,99,39.7294,-104.8319
13242,Fort Collins,306,40.5853,-105.0844
13243,Fort Collins,83,40.5853,-105.0844
13244,Aurora,30,39.7294,-104.8319
13244,Fort Collins,30,40.5853,-105.0844
13245,Aurora,10,39.7294,-104.8319
13245,Fort Collins,93,40.5853,-105.0844
13246,Aurora,2091,39.7294,-104.8319
13248,Aurora,30,39.7294,-104.8319
13249,Aurora,309,39.7294,-104.8319
13251,Aurora,11,39.7294,-104.8319
13251,Fort Collins,177,40.5853,-105.0844
13252,Fort Collins,45,40.5853,-105.0844
13253,Aurora,399,39.7294,-104.8319
13256,Fort Collins,47,40.5853,-105.0844
13257,Aurora,28,39.7294,-104.8319
13258,Aurora,25,39.7294,-104.8319
13259,Aurora,73,39.7294,-104.8319
13260,Boulder,92,40.015,-105.2705
13265,Aurora,134,39.7294,-104.8319
13265,Fort Collins,113,40.5853,-105.0844
13266,Colorado Springs,463,38.8339,-104.8214
13267,Aurora,513,39.7294,-104.8319
13268,Aurora,19,39.7294,-104.8319
13269,Aurora,206,39.7294,-104.8319
13270,Aurora,71,39.7294,-104.8319
13271,Aurora,112,39.7294,-104.8319
13272,Aurora,175,39.7294,-104.8319
13274,Aurora,68,39.7294,-104.8319
13275,Aurora,63,39.7294,-104.8319
13276,Aurora,71,39.7294,-104.8319
13279,Aurora,106,39.7294,-104.8319
13280,Fort Collins,38,40.5853,-105.0844
13282,Aurora,489,39.7294,-104.8319
13283,Colorado Springs,112,38.8339,-104.8214
13285,Colorado Springs,285,38.8339,-104.8214
13286,Aurora,155,39.7294,-104.8319
13288,Fort Collins,273,40.5853,-105.0844
13291,Fort Collins,124,40.5853,-105.0844
13292,Aurora,57,39.7294,-104.8319
13294,Colorado Springs,131,38.8339,-104.8214
13295,Fort Collins,194,40.5853,-105.0844
13296,Colorado Springs,291,38.8339,-104.8214
13297,Colorado Springs,149,38.8339,-104.8214
13298,Aurora,219,39.7294,-104.8319
13299,Aurora,183,39.7294,-104.8319
13300,Aurora,192,39.7294,-104.8319
13301,Fort Collins,2095,40.5853,-105.0844
13302,Colorado Springs,101,38.8339,-104.8214
13304,Aurora,474,39.7294,-104.8319
13305,Colorado Springs,53,38.8339,-104.8214
13307,Aurora,28,39.7294,-104.8319
13307,Fort Collins,460,40.5853,-105.0844
13308,Aurora,155,39.7294,-104.8319
13309,Aurora,602,39.7294,-104.8319
13310,Fort Collins,13,40.5853,-105.0844
13312,Aurora,108,39.7294,-104.8319
13314,Aurora,38,39.7294,-104.8319
13315,Aurora,142,39.7294,-104.8319
13316,Aurora,211,39.7294,-104.8319
13318,Aurora,42,39.7294,-104.8319
13319,Colorado Springs,202,38.8339,-104.8214
13320,Fort Collins,117,40.5853,-105.0844
13321,Aurora,74,39.7294,-104.8319
13322,Aurora,689,39.7294,-104.8319
13325,Aurora,238,39.7294,-104.8319
13330,Aurora,2100,39.7294,-104.8319
13333,Colorado Springs,143,38.8339,-104.8214
13334,Aurora,207,39.7294,-104.8319
13336,Aurora,181,39.7294,-104.8319
13337,Aurora,346,39.7294,-104.8319
13338,Aurora,57,39.7294,-104.8319
13339,Aurora,268,39.7294,-104.8319
13340,Aurora,2100,39.7294,-104.8319
13341,Aurora,761,39.7294,-104.8319
13342,Fort Collins,102,40.5853,-105.0844
13343,Fort Collins,11,40.5853,-105.0844
13344,Aurora,12,39.7294,-104.8319
13346,Fort Collins,395,40.5853,-105.0844
13348,Colorado Springs,66,38.8339,-104.8214
13352,Colorado Springs,44,38.8339,-104.8214
13353,Aurora,25,39.7294,-104.8319
13354,Aurora,19,39.7294,-104.8319
13355,Aurora,125,39.7294,-104.8319
13360,Aurora,216,39.7294,-104.8319
13362,Aurora,88,39.7294,-104.8319
13363,Aurora,105,39.7294,-104.8319
13364,Aurora,308,39.7294,-104.8319
13366,Aurora,63,39.7294,-104.8319
13366,Colorado Springs,32,38.8339,-104.8214
13367,Aurora,25,39.7294,-104.8319
13367,Fort Collins,142,40.5853,-105.0844
13368,Aurora,46,39.7294,-104.8319
13369,Boulder,40,40.015,-105.2705
13370,Aurora,115,39.7294,-104.8319
13371,Fort Collins,79,40.5853,-105.0844
13372,Aurora,22,39.7294,-104.8319
13375,Aurora,61,39.7294,-104.8319
13377,Aurora,291,39.7294,-104.8319
13378,Aurora,48,39.7294,-104.8319
13380,Colorado Springs,54,38.8339,-104.8214
13381,Fort Collins,193,40.5853,-105.0844
13382,Aurora,15,39.7294,-104.8319
13383,Aurora,86,39.7294,-104.8319
13384,Aurora,88,39.7294,-104.8319
13385,Aurora,111,39.7294,-104.8319
13386,Aurora,47,39.7294,-104.8319
13387,Aurora,26,39.7294,-104.8319
13389,Fort Collins,46,40.5853,-105.0844
13391,Aurora,300,39.7294,-104.8319
13393,Fort Collins,41,40.5853,-105.0844
13396,Boulder,54,40.015,-105.2705
13397,Colorado Springs,10,38.8339,-104.8214
13403,Aurora,1466,39.7294,-104.8319
13407,Aurora,670,39.7294,-104.8319
13408,Fort Collins,17,40.5853,-105.0844
13411,Colorado Springs,22,38.8339,-104.8214
13413,Fort Collins,60,40.5853,-105.0844
13415,Colorado Springs,243,38.8339,-104.8214
13418,Aurora,19,39.7294,-104.8319
13419,Aurora,18,39.7294,-104.8319
13421,Aurora,526,39.7294,-104.8319
13422,Aurora,31,39.7294,-104.8319
13427,Aurora,1824,39.7294,-104.8319
13428,Aurora,67,39.7294,-104.8319
13429,Fort Collins,23,40.5853,-105.0844
13430,Colorado Springs,239,38.8339,-104.8214
13434,Aurora,55,39.7294,-104.8319
13439,Fort Collins,26,40.5853,-105.0844
13440,Aurora,24,39.7294,-104.8319
13446,Aurora,255,39.7294,-104.8319
13447,Aurora,14,39.7294,-104.8319
13448,Fort Collins,24,40.5853,-105.0844
13450,Fort Collins,87,40.5853,-105.0844
13451,Aurora,60,39.7294,-104.8319
13452,Fort Collins,168,40.5853,-105.0844
13454,Aurora,193,39.7294,-104.8319
13458,Aurora,51,39.7294,-104.8319
13458,Fort Collins,54,40.5853,-105.0844
13461,Aurora,15,39.7294,-104.8319
13462,Colorado Springs,136,38.8339,-104.8214
13463,Aurora,83,39.7294,-104.8319
13464,Aurora,10,39.7294,-104.8319
13465,Aurora,10,39.7294,-104.8319
13468,Fort Collins,13,40.5853,-105.0844
13474,Colorado Springs,62,38.8339,-104.8214
13481,Aurora,1179,39.7294,-104.8319
13482,Fort Collins,27,40.5853,-105.0844
13485,Aurora,68,39.7294,-104.8319
13487,Aurora,18,39.7294,-104.8319
13489,Aurora,1679,39.7294,-104.8319
13489,Boulder,12,40.015,-105.2705
13489,Fort Collins,32,40.5853,-105.0844
13490,Aurora,2100,39.7294,-104.8319
13493,Aurora,19,39.7294,-104.8319
13495,Colorado Springs,226,38.8339,-104.8214
13499,Fort Collins,37,40.5853,-105.0844
13501,Aurora,15,39.7294,-104.8319
13501,Fort Collins,66,40.5853,-105.0844
13502,Fort Collins,50,40.5853,-105.0844
13505,Aurora,21,39.7294,-104.8319
13508,Aurora,18,39.7294,-104.8319
13508,Colorado Springs,70,38.8339,-104.8214
13512,Fort Collins,296,40.5853,-105.0844
13517,Aurora,16,39.7294,-104.8319
13519,Colorado Springs,123,38.8339,-104.8214
13521,Aurora,44,39.7294,-104.8319
13524,Fort Collins,10,40.5853,-105.0844
13525,Aurora,1153,39.7294,-104.8319
13526,Aurora,74,39.7294,-104.8319
13528,Aurora,57,39.7294,-104.8319
13530,Fort Collins,28,40.5853,-105.0844
13531,Aurora,2100,39.7294,-104.8319
13532,Aurora,297,39.7294,-104.8319
13533,Fort Collins,151,40.5853,-105.0844
13536,Aurora,316,39.7294,-104.8319
13539,Aurora,10,39.7294,-104.8319
13550,Aurora,26,39.7294,-104.8319
13555,Aurora,16,39.7294,-104.8319
13556,Fort Collins,505,40.5853,-105.0844
13557,Aurora,362,39.7294,-104.8319
13558,Boulder,220,40.015,-105.2705
13561,Aurora,364,39.7294,-104.8319
13562,Fort Collins,55,40.5853,-105.0844
13563,Aurora,1142,39.7294,-104.8319
13567,Colorado Springs,12,38.8339,-104.8214
13568,Boulder,10,40.015,-105.2705
13570,Fort Collins,21,40.5853,-105.0844
13571,Colorado Springs,29,38.8339,-104.8214
13573,Aurora,33,39.7294,-104.8319
13574,Aurora,30,39.7294,-104.8319
13575,Aurora,99,39.7294,-104.8319
13576,Aurora,214,39.7294,-104.8319
13578,Aurora,2100,39.7294,-104.8319
13579,Colorado Springs,227,38.8339,-104.8214
13580,Aurora,99,39.7294,-104.8319
13583,Fort Collins,37,40.5853,-105.0844
13584,Aurora,26,39.7294,-104.8319
13585,Fort Collins,11,40.5853,-105.0844
13590,Aurora,196,39.7294,-104.8319
13592,Aurora,54,39.7294,-104.8319
13597,Aurora,272,39.7294,-104.8319
13597,Fort Collins,13,40.5853,-105.0844
13599,Aurora,14,39.7294,-104.8319
13608,Aurora,13,39.7294,-104.8319
13617,Boulder,63,40.015,-105.2705
13652,Colorado Springs,78,38.8339,-104.8214
13713,Colorado Springs,22,38.8339,-104.8214
13747,Aurora,201,39.7294,-104.8319
13798,Aurora,19,39.7294,-104.8319
13799,Fort Collins,10,40.5853,-105.0844
13800,Aurora,102,39.7294,-104.8319
13801,Aurora,145,39.7294,-104.8319
13802,Colorado Springs,22,38.8339,-104.8214
13803,Boulder,98,40.015,-105.2705
13804,Aurora,31,39.7294,-104.8319
13806,Fort Collins,17,40.5853,-105.0844
13807,Aurora,40,39.7294,-104.8319
13808,Fort Collins,43,40.5853,-105.0844
13810,Aurora,40,39.7294,-104.8319
13811,Fort Collins,107,40.5853,-105.0844
13812,Colorado Springs,13,38.8339,-104.8214
13814,Fort Collins,210,40.5853,-105.0844
13906,Colorado Springs,491,38.8339,-104.8214
13907,Boulder,61,40.015,-105.2705
14077,Fort Collins,10,40.5853,-105.0844
14084,Fort Collins,10,40.5853,-105.0844
14261,Colorado Springs,10,38.8339,-104.8214
14356,Aurora,255,39.7294,-104.8319
14357,Colorado Springs,193,38.8339,-104.8214
14415,Colorado Springs,119,38.8339,-104.8214
14480,Boulder,13,40.015,-105.2705
14480,Colorado Springs,49,38.8339,-104.8214
14481,Fort Collins,32,40.5853,-105.0844
14482,Colorado Springs,23,38.8339,-104.8214
14639,Fort Collins,135,40.5853,-105.0844
14640,Aurora,55,39.7294,-104.8319
14649,Colorado Springs,12,38.8339,-104.8214
14692,Fort Collins,22,40.5853,-105.0844
14693,Aurora,12,39.7294,-104.8319
14699,Fort Collins,77,40.5853,-105.0844
14768,Boulder,21,40.015,-105.2705
14851,Aurora,64,39.7294,-104.8319
14852,Aurora,19,39.7294,-104.8319
15010,Boulder,77,40.015,-105.2705
15077,Colorado Springs,55,38.8339,-104.8214
15191,Fort Collins,12,40.5853,-105.0844
15283,Fort Collins,98,40.5853,-105.0844
15292,Fort Collins,13,40.5853,-105.0844
15293,Fort Collins,38,40.5853,-105.0844
15302,Fort Collins,13,40.5853,-105.0844
15501,Colorado Springs,241,38.8339,-104.8214
15533,Fort Collins,11,40.5853,-105.0844
15534,Aurora,22,39.7294,-104.8319
15535,Fort Collins,20,40.5853,-105.0844
15536,Fort Collins,10,40.5853,-105.0844
15538,Fort Collins,185,40.5853,-105.0844
15543,Fort Collins,23,40.5853,-105.0844
15545,Fort Collins,34,40.5853,-105.0844
15588,Colorado Springs,276,38.8339,-104.8214
15621,Fort Collins,39,40.5853,-105.0844
15622,Aurora,22,39.7294,-104.8319
15624,Fort Collins,58,40.5853,-105.0844
15653,Colorado Springs,17,38.8339,-104.8214
15659,Fort Collins,60,40.5853,-105.0844
15710,Aurora,122,39.7294,-104.8319
15713,Fort Collins,33,40.5853,-105.0844
15816,Fort Collins,38,40.5853,-105.0844
15824,Aurora,41,39.7294,-104.8319
15833,Aurora,93,39.7294,-104.8319
15960,Colorado Springs,130,38.8339,-104.8214
15961,Colorado Springs,29,38.8339,-104.8214
16056,Aurora,22,39.7294,-104.8319
16085,Colorado Springs,44,38.8339,-104.8214
16118,Fort Collins,370,40.5853,-105.0844
16119,Aurora,52,39.7294,-104.8319
16120,Fort Collins,75,40.5853,-105.0844
16154,Colorado Springs,15,38.8339,-104.8214
16262,Aurora,46,39.7294,-104.8319
16263,Fort Collins,13,40.5853,-105.0844
16264,Fort Collins,73,40.5853,-105.0844
16265,Fort Collins,58,40.5853,-105.0844
16300,Colorado Springs,37,38.8339,-104.8214
16302,Aurora,19,39.7294,-104.8319
16496,Fort Collins,14,40.5853,-105.0844
16556,Colorado Springs,20,38.8339,-104.8214
16631,Fort Collins,22,40.5853,-105.0844
16632,Fort Collins,61,40.5853,-105.0844
16718,Fort Collins,610,40.5853,-105.0844
16720,Colorado Springs,32,38.8339,-104.8214
16798,Aurora,78,39.7294,-104.8319
16799,Aurora,23,39.7294,-104.8319
16801,Aurora,37,39.7294,-104.8319
16802,Fort Collins,54,40.5853,-105.0844
17044,Fort Collins,82,40.5853,-105.0844
17046,Aurora,115,39.7294,-104.8319
17048,Fort Collins,22,40.5853,-105.0844
17049,Aurora,192,39.7294,-104.8319
17050,Fort Collins,110,40.5853,-105.0844
17155,Aurora,97,39.7294,-104.8319
17213,Aurora,343,39.7294,-104.8319
17286,Aurora,11,39.7294,-104.8319
17289,Aurora,39,39.7294,-104.8319
17289,Colorado Springs,34,38.8339,-104.8214
17291,Aurora,11,39.7294,-104.8319
17293,Fort Collins,50,40.5853,-105.0844
17299,Colorado Springs,80,38.8339,-104.8214
17364,Fort Collins,25,40.5853,-105.0844
17387,Aurora,36,39.7294,-104.8319
17408,Colorado Springs,283,38.8339,-104.8214
17568,Aurora,16,39.7294,-104.8319
17739,Colorado Springs,15,38.8339,-104.8214
17741,Aurora,91,39.7294,-104.8319
18031,Colorado Springs,15,38.8339,-104.8214
18062,Boulder,13,40.015,-105.2705
18194,Colorado Springs,15,38.8339,-104.8214
18243,Fort Collins,38,40.5853,-105.0844
18285,Fort Collins,26,40.5853,-105.0844
18288,Fort Collins,13,40.5853,-105.0844
18339,Aurora,46,39.7294,-104.8319
18378,Fort Collins,110,40.5853,-105.0844
18392,Fort Collins,15,40.5853,-105.0844
18394,Fort Collins,32,40.5853,-105.0844
18397,Fort Collins,17,40.5853,-105.0844
18502,Aurora,44,39.7294,-104.8319
18502,Fort Collins,69,40.5853,-105.0844
18503,Fort Collins,36,40.5853,-105.0844
18504,Fort Collins,16,40.5853,-105.0844
18564,Fort Collins,34,40.5853,-105.0844
18640,Aurora,14,39.7294,-104.8319
18643,Aurora,23,39.7294,-104.8319
18806,Aurora,12,39.7294,-104.8319
18841,Fort Collins,313,40.5853,-105.0844
18906,Aurora,17,39.7294,-104.8319
18961,Aurora,53,39.7294,-104.8319
18962,Aurora,288,39.7294,-104.8319
18965,Colorado Springs,17,38.8339,-104.8214
19113,Aurora,47,39.7294,-104.8319
19351,Fort Collins,72,40.5853,-105.0844
19364,Boulder,11,40.015,-105.2705
19366,Boulder,10,40.015,-105.2705
19367,Boulder,80,40.015,-105.2705
19529,Boulder,15,40.015,-105.2705
19530,Boulder,20,40.015,-105.2705
19574,Aurora,314,39.7294,-104.8319
19604,Aurora,50,39.7294,-104.8319
19684,Aurora,172,39.7294,-104.8319
19822,Aurora,94,39.7294,-104.8319
19950,Fort Collins,65,40.5853,-105.0844
20004,Aurora,35,39.7294,-104.8319
20026,Fort Collins,32,40.5853,-105.0844
20045,Fort Collins,10,40.5853,-105.0844
20046,Colorado Springs,14,38.8339,-104.8214
20128,Aurora,1964,39.7294,-104.8319
20138,Aurora,52,39.7294,-104.8319
20224,Colorado Springs,361,38.8339,-104.8214
20226,Colorado Springs,10,38.8339,-104.8214
20227,Aurora,17,39.7294,-104.8319
20644,Aurora,33,39.7294,-104.8319
20800,Fort Collins,130,40.5853,-105.0844
20944,Aurora,996,39.7294,-104.8319
20975,Aurora,197,39.7294,-104.8319
21241,Fort Collins,14,40.5853,-105.0844
21308,Fort Collins,69,40.5853,-105.0844
21350,Aurora,55,39.7294,-104.8319
21429,Aurora,12,39.7294,-104.8319
21536,Aurora,14,39.7294,-104.8319
21586,Boulder,15,40.015,-105.2705
21592,Aurora,25,39.7294,-104.8319
21685,Colorado Springs,16,38.8339,-104.8214
21787,Fort Collins,13,40.5853,-105.0844
21788,Aurora,13,39.7294,-104.8319
21788,Fort Collins,13,40.5853,-105.0844
21792,Aurora,13,39.7294,-104.8319
21792,Fort Collins,46,40.5853,-105.0844
21846,Aurora,521,39.7294,-104.8319
21956,Fort Collins,11,40.5853,-105.0844
22006,Colorado Springs,14,38.8339,-104.8214
22070,Aurora,23,39.7294,-104.8319
22242,Boulder,74,40.015,-105.2705
22243,Aurora,125,39.7294,-104.8319
22254,Colorado Springs,164,38.8339,-104.8214
22256,Fort Collins,35,40.5853,-105.0844
22673,Aurora,16,39.7294,-104.8319
22700,Aurora,25,39.7294,-104.8319
22735,Fort Collins,94,40.5853,-105.0844
22800,Colorado Springs,107,38.8339,-104.8214
22955,Aurora,30,39.7294,-104.8319
22981,Aurora,10,39.7294,-104.8319
22981,Fort Collins,45,40.5853,-105.0844
23011,Aurora,42,39.7294,-104.8319
23045,Aurora,31,39.7294,-104.8319
23207,Fort Collins,37,40.5853,-105.0844
23268,Colorado Springs,30,38.8339,-104.8214
23365,Fort Collins,213,40.5853,-105.0844
23554,Aurora,42,39.7294,-104.8319
23576,Fort Collins,91,40.5853,-105.0844
23648,Colorado Springs,29,38.8339,-104.8214
23734,Fort Collins,37,40.5853,-105.0844
23739,Aurora,73,39.7294,-104.8319
23796,Boulder,11,40.015,-105.2705
23796,Fort Collins,93,40.5853,-105.0844
23823,Fort Collins,53,40.5853,-105.0844
23836,Colorado Springs,18,38.8339,-104.8214
23890,Aurora,33,39.7294,-104.8319
23969,Fort Collins,257,40.5853,-105.0844
23989,Fort Collins,370,40.5853,-105.0844
24006,Colorado Springs,100,38.8339,-104.8214
24244,Aurora,90,39.7294,-104.8319
24288,Aurora,69,39.7294,-104.8319
24315,Aurora,26,39.7294,-104.8319
24370,Fort Collins,36,40.5853,-105.0844
24491,Fort Collins,61,40.5853,-105.0844
24507,Aurora,118,39.7294,-104.8319
24572,Colorado Springs,53,38.8339,-104.8214
24707,Aurora,14,39.7294,-104.8319
24785,Colorado Springs,126,38.8339,-104.8214
24818,Aurora,238,39.7294,-104.8319
24997,Aurora,108,39.7294,-104.8319
25078,Fort Collins,1211,40.5853,-105.0844
25131,Colorado Springs,49,38.8339,-104.8214
25299,Colorado Springs,112,38.8339,-104.8214
25318,Aurora,28,39.7294,-104.8319
25575,Fort Collins,33,40.5853,-105.0844
25577,Fort Collins,57,40.5853,-105.0844
25685,Fort Collins,136,40.5853,-105.0844
25687,Aurora,18,39.7294,-104.8319
25859,Aurora,18,39.7294,-104.8319
25859,Fort Collins,33,40.5853,-105.0844
25893,Colorado Springs,10,38.8339,-104.8214
25976,Aurora,17,39.7294,-104.8319
25999,Fort Collins,10,40.5853,-105.0844
26041,Fort Collins,11,40.5853,-105.0844
26051,Aurora,115,39.7294,-104.8319
26061,Aurora,29,39.7294,-104.8319
26063,Aurora,73,39.7294,-104.8319
26106,Aurora,20,39.7294,-104.8319
26133,Fort Collins,11,40.5853,-105.0844
26135,Fort Collins,22,40.5853,-105.0844
26145,Aurora,921,39.7294,-104.8319
26145,Fort Collins,217,40.5853,-105.0844
26146,Aurora,15,39.7294,-104.8319
26147,Fort Collins,61,40.5853,-105.0844
26172,Colorado Springs,54,38.8339,-104.8214
26173,Colorado Springs,22,38.8339,-104.8214
26175,Colorado Springs,11,38.8339,-104.8214
26208,Colorado Springs,191,38.8339,-104.8214
26220,Fort Collins,46,40.5853,-105.0844
26237,Fort Collins,14,40.5853,-105.0844
26319,Fort Collins,10,40.5853,-105.0844
26365,Colorado Springs,26,38.8339,-104.8214
26404,Aurora,233,39.7294,-104.8319
26405,Aurora,10,39.7294,-104.8319
26414,Colorado Springs,230,38.8339,-104.8214
26415,Aurora,446,39.7294,-104.8319
26416,Colorado Springs,32,38.8339,-104.8214
26458,Fort Collins,458,40.5853,-105.0844
26466,Aurora,120,39.7294,-104.8319
26503,Fort Collins,44,40.5853,-105.0844
26504,Aurora,191,39.7294,-104.8319
26536,Fort Collins,22,40.5853,-105.0844
26539,Fort Collins,16,40.5853,-105.0844
26613,Fort Collins,68,40.5853,-105.0844
26641,Fort Collins,16,40.5853,-105.0844
26669,Colorado Springs,54,38.8339,-104.8214
26680,Aurora,15,39.7294,-104.8319
26711,Fort Collins,122,40.5853,-105.0844
26742,Fort Collins,42,40.5853,-105.0844
26748,Fort Collins,12,40.5853,-105.0844
26749,Fort Collins,10,40.5853,-105.0844
26772,Fort Collins,10,40.5853,-105.0844
26813,Fort Collins,142,40.5853,-105.0844
26814,Aurora,59,39.7294,-104.8319
26815,Aurora,34,39.7294,-104.8319
26817,Aurora,12,39.7294,-104.8319
26883,Colorado Springs,36,38.8339,-104.8214
26948,Fort Collins,60,40.5853,-105.0844
26964,Fort Collins,89,40.5853,-105.0844
26967,Fort Collins,12,40.5853,-105.0844
26969,Fort Collins,12,40.5853,-105.0844
27053,Colorado Springs,187,38.8339,-104.8214
27067,Fort Collins,12,40.5853,-105.0844
27079,Fort Collins,12,40.5853,-105.0844
27143,Fort Collins,1137,40.5853,-105.0844
27144,Fort Collins,91,40.5853,-105.0844
27190,Colorado Springs,97,38.8339,-104.8214
27191,Colorado Springs,39,38.8339,-104.8214
27243,Aurora,98,39.7294,-104.8319
27244,Aurora,15,39.7294,-104.8319
27250,Aurora,880,39.7294,-104.8319
27345,Aurora,15,39.7294,-104.8319
27534,Aurora,190,39.7294,-104.8319
27534,Fort Collins,217,40.5853,-105.0844
27717,Fort Collins,125,40.5853,-105.0844
27723,Aurora,10,39.7294,-104.8319
27980,Fort Collins,19,40.5853,-105.0844
27994,Colorado Springs,21,38.8339,-104.8214
27997,Fort Collins,315,40.5853,-105.0844
28114,Fort Collins,601,40.5853,-105.0844
28115,Aurora,71,39.7294,-104.8319
28146,Aurora,2100,39.7294,-104.8319
28158,Colorado Springs,19,38.8339,-104.8214
28177,Fort Collins,30,40.5853,-105.0844
28200,Aurora,37,39.7294,-104.8319
28201,Colorado Springs,106,38.8339,-104.8214
28219,Fort Collins,73,40.5853,-105.0844
28368,Fort Collins,14,40.5853,-105.0844
28431,Boulder,35,40.015,-105.2705
28464,Colorado Springs,46,38.8339,-104.8214
28518,Aurora,78,39.7294,-104.8319
28518,Boulder,11,40.015,-105.2705
28518,Fort Collins,14,40.5853,-105.0844
28519,Aurora,19,39.7294,-104.8319
28531,Aurora,53,39.7294,-104.8319
28816,Aurora,26,39.7294,-104.8319
28816,Colorado Springs,75,38.8339,-104.8214
28887,Aurora,63,39.7294,-104.8319
28888,Aurora,79,39.7294,-104.8319
28939,Aurora,39,39.7294,-104.8319
29303,Colorado Springs,32,38.8339,-104.8214
29339,Colorado Springs,180,38.8339,-104.8214
29477,Fort Collins,224,40.5853,-105.0844
29688,Colorado Springs,56,38.8339,-104.8214
29850,Fort Collins,255,40.5853,-105.0844
29851,Fort Collins,175,40.5853,-105.0844
29855,Fort Collins,19,40.5853,-105.0844
29857,Colorado Springs,19,38.8339,-104.8214
29860,Aurora,61,39.7294,-104.8319
29865,Colorado Springs,68,38.8339,-104.8214
29866,Boulder,17,40.015,-105.2705
29869,Fort Collins,12,40.5853,-105.0844
29873,Fort Collins,16,40.5853,-105.0844
29963,Aurora,31,39.7294,-104.8319
30041,Colorado Springs,76,38.8339,-104.8214
30070,Colorado Springs,82,38.8339,-104.8214
30104,Colorado Springs,26,38.8339,-104.8214
30186,Aurora,10,39.7294,-104.8319
30239,Aurora,19,39.7294,-104.8319
30638,Aurora,136,39.7294,-104.8319
30638,Fort Collins,12,40.5853,-105.0844
30762,Fort Collins,71,40.5853,-105.0844
30770,Fort Collins,30,40.5853,-105.0844
30807,Fort Collins,212,40.5853,-105.0844
30996,Fort Collins,28,40.5853,-105.0844
31187,Colorado Springs,86,38.8339,-104.8214
31187,Fort Collins,207,40.5853,-105.0844
31471,Colorado Springs,10,38.8339,-104.8214
31530,Aurora,233,39.7294,-104.8319
31591,Fort Collins,67,40.5853,-105.0844
31594,Aurora,20,39.7294,-104.8319
31596,Fort Collins,16,40.5853,-105.0844
31686,Aurora,231,39.7294,-104.8319
31723,Aurora,43,39.7294,-104.8319
31815,Aurora,65,39.7294,-104.8319
32046,Fort Collins,781,40.5853,-105.0844
32123,Fort Collins,40,40.5853,-105.0844
32139,Boulder,32,40.015,-105.2705
32347,Fort Collins,28,40.5853,-105.0844
32504,Aurora,19,39.7294,-104.8319
32542,Boulder,53,40.015,-105.2705
32547,Boulder,33,40.015,-105.2705
32717,Fort Collins,151,40.5853,-105.0844
32852,Fort Collins,83,40.5853,-105.0844
32916,Fort Collins,219,40.5853,-105.0844
32933,Fort Collins,33,40.5853,-105.0844
33095,Aurora,28,39.7294,-104.8319
33146,Fort Collins,64,40.5853,-105.0844
33164,Aurora,127,39.7294,-104.8319
33247,Aurora,2100,39.7294,-104.8319
33263,Aurora,79,39.7294,-104.8319
33264,Boulder,70,40.015,-105.2705
33274,Aurora,12,39.7294,-104.8319
33306,Aurora,33,39.7294,-104.8319
33395,Fort Collins,12,40.5853,-105.0844
33476,Colorado Springs,14,38.8339,-104.8214
33620,Fort Collins,25,40.5853,-105.0844
33636,Colorado Springs,14,38.8339,-104.8214
33795,Fort Collins,70,40.5853,-105.0844
33871,Aurora,47,39.7294,-104.8319
33904,Aurora,74,39.7294,-104.8319
33948,Colorado Springs,12,38.8339,-104.8214
33991,Aurora,25,39.7294,-104.8319
34170,Fort Collins,20,40.5853,-105.0844
34376,Aurora,248,39.7294,-104.8319
34478,Aurora,263,39.7294,-104.8319
34478,Fort Collins,21,40.5853,-105.0844
34480,Fort Collins,20,40.5853,-105.0844
34645,Aurora,58,39.7294,-104.8319
34721,Aurora,159,39.7294,-104.8319
34779,Fort Collins,44,40.5853,-105.0844
34872,Fort Collins,29,40.5853,-105.0844
34966,Fort Collins,15,40.5853,-105.0844
34977,Aurora,52,39.7294,-104.8319
34989,Fort Collins,124,40.5853,-105.0844
34990,Aurora,69,39.7294,-104.8319
34992,Aurora,40,39.7294,-104.8319
34993,Colorado Springs,16,38.8339,-104.8214
35000,Aurora,49,39.7294,-104.8319
35109,Boulder,25,40.015,-105.2705
35111,Colorado Springs,325,38.8339,-104.8214
35112,Fort Collins,28,40.5853,-105.0844
35141,Boulder,11,40.015,-105.2705
35144,Fort Collins,12,40.5853,-105.0844
35200,Aurora,135,39.7294,-104.8319
35201,Aurora,98,39.7294,-104.8319
35207,Fort Collins,20,40.5853,-105.0844
35281,Aurora,106,39.7294,-104.8319
35282,Aurora,152,39.7294,-104.8319
35284,Fort Collins,104,40.5853,-105.0844
35285,Fort Collins,23,40.5853,-105.0844
35286,Fort Collins,87,40.5853,-105.0844
35346,Fort Collins,22,40.5853,-105.0844
35358,Aurora,12,39.7294,-104.8319
35370,Fort Collins,55,40.5853,-105.0844
35376,Colorado Springs,12,38.8339,-104.8214
35382,Fort Collins,42,40.5853,-105.0844
35440,Aurora,199,39.7294,-104.8319
35442,Aurora,109,39.7294,-104.8319
35443,Aurora,499,39.7294,-104.8319
35444,Fort Collins,70,40.5853,-105.0844
35445,Aurora,137,39.7294,-104.8319
35446,Aurora,145,39.7294,-104.8319
35447,Aurora,11,39.7294,-104.8319
35448,Aurora,18,39.7294,-104.8319
35449,Aurora,16,39.7294,-104.8319
35451,Aurora,12,39.7294,-104.8319
35452,Aurora,14,39.7294,-104.8319
35458,Aurora,30,39.7294,-104.8319
35460,Aurora,2100,39.7294,-104.8319
35461,Aurora,25,39.7294,-104.8319
35470,Colorado Springs,180,38.8339,-104.8214
35471,Aurora,150,39.7294,-104.8319
35472,Aurora,69,39.7294,-104.8319
35473,Aurora,18,39.7294,-104.8319
35474,Boulder,15,40.015,-105.2705
35478,Colorado Springs,28,38.8339,-104.8214
35479,Fort Collins,12,40.5853,-105.0844
35481,Aurora,402,39.7294,-104.8319
35482,Fort Collins,105,40.5853,-105.0844
35483,Aurora,47,39.7294,-104.8319
35488,Colorado Springs,17,38.8339,-104.8214
35489,Colorado Springs,989,38.8339,-104.8214
35491,Aurora,16,39.7294,-104.8319
35566,Aurora,190,39.7294,-104.8319
35573,Colorado Springs,37,38.8339,-104.8214
35582,Colorado Springs,11,38.8339,-104.8214
35712,Aurora,299,39.7294,-104.8319
35747,Colorado Springs,15,38.8339,-104.8214
35752,Colorado Springs,94,38.8339,-104.8214
35753,Colorado Springs,14,38.8339,-104.8214
35770,Colorado Springs,342,38.8339,-104.8214
35771,Colorado Springs,50,38.8339,-104.8214
35772,Aurora,54,39.7294,-104.8319
35774,Aurora,24,39.7294,-104.8319
35776,Aurora,2100,39.7294,-104.8319
35777,Aurora,10,39.7294,-104.8319
35778,Aurora,109,39.7294,-104.8319
35779,Aurora,114,39.7294,-104.8319
35849,Colorado Springs,13,38.8339,-104.8214
35860,Aurora,29,39.7294,-104.8319
35884,Aurora,58,39.7294,-104.8319
35886,Aurora,36,39.7294,-104.8319
35936,Colorado Springs,48,38.8339,-104.8214
35938,Colorado Springs,10,38.8339,-104.8214
36003,Fort Collins,22,40.5853,-105.0844
36004,Fort Collins,21,40.5853,-105.0844
36008,Colorado Springs,17,38.8339,-104.8214
36020,Fort Collins,16,40.5853,-105.0844
36143,Fort Collins,12,40.5853,-105.0844
36213,Aurora,12,39.7294,-104.8319
36225,Colorado Springs,14,38.8339,-104.8214
36270,Aurora,138,39.7294,-104.8319
36271,Fort Collins,62,40.5853,-105.0844
36272,Aurora,161,39.7294,-104.8319
36273,Aurora,58,39.7294,-104.8319
36321,Aurora,11,39.7294,-104.8319
36337,Aurora,57,39.7294,-104.8319
36351,Aurora,23,39.7294,-104.8319
36362,Colorado Springs,714,38.8339,-104.8214
36363,Denver,268,39.7392,-104.9903
36364,Aurora,20,39.7294,-104.8319
36366,Fort Collins,43,40.5853,-105.0844
36367,Fort Collins,16,40.5853,-105.0844
36372,Boulder,172,40.015,-105.2705
36374,Aurora,11,39.7294,-104.8319
36376,Aurora,20,39.7294,-104.8319
36457,Colorado Springs,317,38.8339,-104.8214
36521,Aurora,52,39.7294,-104.8319
36545,Aurora,291,39.7294,-104.8319
36546,Aurora,46,39.7294,-104.8319
36666,Fort Collins,133,40.5853,-105.0844
36696,Colorado Springs,20,38.8339,-104.8214
36924,Boulder,21,40.015,-105.2705
36931,Aurora,74,39.7294,-104.8319
36933,Aurora,24,39.7294,-104.8319
37054,Aurora,27,39.7294,-104.8319
37057,Fort Collins,12,40.5853,-105.0844
37058,Colorado Springs,10,38.8339,-104.8214
37066,Colorado Springs,136,38.8339,-104.8214
37116,Colorado Springs,24,38.8339,-104.8214
37160,Aurora,242,39.7294,-104.8319
37175,Aurora,14,39.7294,-104.8319
37212,Fort Collins,87,40.5853,-105.0844
37250,Fort Collins,36,40.5853,-105.0844
37280,Colorado Springs,12,38.8339,-104.8214
37416,Aurora,25,39.7294,-104.8319
37570,Colorado Springs,24,38.8339,-104.8214
37639,Aurora,354,39.7294,-104.8319
37878,Colorado Springs,40,38.8339,-104.8214
37948,Aurora,38,39.7294,-104.8319
37997,Aurora,98,39.7294,-104.8319
38056,Aurora,184,39.7294,-104.8319
38061,Aurora,160,39.7294,-104.8319
38139,Aurora,185,39.7294,-104.8319
38158,Aurora,51,39.7294,-104.8319
38224,Aurora,31,39.7294,-104.8319
38237,Colorado Springs,15,38.8339,-104.8214
38240,Aurora,31,39.7294,-104.8319
38318,Fort Collins,14,40.5853,-105.0844
38329,Fort Collins,185,40.5853,-105.0844
38330,Aurora,12,39.7294,-104.8319
38413,Boulder,41,40.015,-105.2705
38466,Colorado Springs,49,38.8339,-104.8214
38543,Fort Collins,30,40.5853,-105.0844
38757,Colorado Springs,541,38.8339,-104.8214
38768,Colorado Springs,79,38.8339,-104.8214
38899,Fort Collins,156,40.5853,-105.0844
38992,Fort Collins,13,40.5853,-105.0844
39087,Fort Collins,42,40.5853,-105.0844
39235,Denver,163,39.7392,-104.9903
39260,Aurora,24,39.7294,-104.8319
39345,Aurora,33,39.7294,-104.8319
39499,Fort Collins,17,40.5853,-105.0844
39610,Fort Collins,196,40.5853,-105.0844
39636,Boulder,67,40.015,-105.2705
39683,Aurora,16,39.7294,-104.8319
39708,Aurora,73,39.7294,-104.8319
39717,Aurora,20,39.7294,-104.8319
39719,Aurora,84,39.7294,-104.8319
39720,Aurora,32,39.7294,-104.8319
39723,Aurora,10,39.7294,-104.8319
39734,Colorado Springs,70,38.8339,-104.8214
39736,Aurora,2100,39.7294,-104.8319
39737,Aurora,142,39.7294,-104.8319
39738,Aurora,14,39.7294,-104.8319
39740,Aurora,11,39.7294,-104.8319
39769,Aurora,404,39.7294,-104.8319
39782,Fort Collins,11,40.5853,-105.0844
39785,Fort Collins,132,40.5853,-105.0844
39823,Colorado Springs,17,38.8339,-104.8214
39827,Boulder,23,40.015,-105.2705
39860,Colorado Springs,119,38.8339,-104.8214
39947,Fort Collins,12,40.5853,-105.0844
39967,Aurora,17,39.7294,-104.8319
39979,Aurora,315,39.7294,-104.8319
40001,Fort Collins,19,40.5853,-105.0844
40116,Aurora,14,39.7294,-104.8319
40116,Colorado Springs,55,38.8339,-104.8214
40129,Aurora,31,39.7294,-104.8319
40210,Fort Collins,22,40.5853,-105.0844
40225,Fort Collins,28,40.5853,-105.0844
40295,Aurora,393,39.7294,-104.8319
40296,Aurora,65,39.7294,-104.8319
40297,Aurora,13,39.7294,-104.8319
40300,Aurora,38,39.7294,-104.8319
40304,Fort Collins,69,40.5853,-105.0844
40314,Aurora,2100,39.7294,-104.8319
40354,Fort Collins,89,40.5853,-105.0844
40375,Aurora,190,39.7294,-104.8319
40381,Colorado Springs,17,38.8339,-104.8214
40402,Colorado Springs,98,38.8339,-104.8214
40439,Colorado Springs,18,38.8339,-104.8214
40587,Aurora,33,39.7294,-104.8319
40750,Aurora,23,39.7294,-104.8319
40783,Fort Collins,23,40.5853,-105.0844
40807,Fort Collins,42,40.5853,-105.0844
40815,Fort Collins,94,40.5853,-105.0844
40831,Colorado Springs,39,38.8339,-104.8214
40832,Fort Collins,323,40.5853,-105.0844
40833,Aurora,35,39.7294,-104.8319
41026,Colorado Springs,93,38.8339,-104.8214
41059,Fort Collins,13,40.5853,-105.0844
41069,Colorado Springs,175,38.8339,-104.8214
41078,Fort Collins,88,40.5853,-105.0844
41079,Colorado Springs,14,38.8339,-104.8214
41108,Aurora,33,39.7294,-104.8319
41115,Aurora,317,39.7294,-104.8319
41342,Colorado Springs,15,38.8339,-104.8214
41411,Aurora,934,39.7294,-104.8319
41594,Aurora,177,39.7294,-104.8319
41595,Aurora,423,39.7294,-104.8319
41596,Aurora,39,39.7294,-104.8319
41597,Aurora,63,39.7294,-104.8319
41598,Aurora,66,39.7294,-104.8319
41599,Aurora,150,39.7294,-104.8319
41600,Aurora,17,39.7294,-104.8319
41602,Aurora,2100,39.7294,-104.8319
41604,Fort Collins,2100,40.5853,-105.0844
41605,Aurora,2100,39.7294,-104.8319
41606,Aurora,11,39.7294,-104.8319
41607,Aurora,64,39.7294,-104.8319
41608,Colorado Springs,81,38.8339,-104.8214
41659,Fort Collins,11,40.5853,-105.0844
41977,Aurora,50,39.7294,-104.8319
42002,Aurora,21,39.7294,-104.8319
42016,Fort Collins,66,40.5853,-105.0844
42058,Aurora,15,39.7294,-104.8319
42125,Fort Collins,12,40.5853,-105.0844
42126,Aurora,13,39.7294,-104.8319
42222,Aurora,12,39.7294,-104.8319
42243,Fort Collins,44,40.5853,-105.0844
42319,Aurora,311,39.7294,-104.8319
42426,Boulder,40,40.015,-105.2705
42444,Colorado Springs,41,38.8339,-104.8214
42554,Fort Collins,26,40.5853,-105.0844
42576,Aurora,77,39.7294,-104.8319
42953,Fort Collins,55,40.5853,-105.0844
43064,Colorado Springs,117,38.8339,-104.8214
43501,Boulder,151,40.015,-105.2705
43556,Aurora,37,39.7294,-104.8319
43774,Aurora,38,39.7294,-104.8319
43797,Colorado Springs,51,38.8339,-104.8214
43802,Colorado Springs,16,38.8339,-104.8214
43813,Aurora,18,39.7294,-104.8319
43816,Fort Collins,12,40.5853,-105.0844
43852,Aurora,520,39.7294,-104.8319
43886,Aurora,17,39.7294,-104.8319
43907,Aurora,17,39.7294,-104.8319
43910,Colorado Springs,12,38.8339,-104.8214
43943,Aurora,52,39.7294,-104.8319
43943,Fort Collins,35,40.5853,-105.0844
43944,Colorado Springs,32,38.8339,-104.8214
43945,Colorado Springs,24,38.8339,-104.8214
43979,Fort Collins,76,40.5853,-105.0844
43980,Fort Collins,21,40.5853,-105.0844
43985,Aurora,45,39.7294,-104.8319
44006,Aurora,96,39.7294,-104.8319
44006,Fort Collins,183,40.5853,-105.0844
44008,Aurora,173,39.7294,-104.8319
44009,Aurora,35,39.7294,-104.8319
44027,Aurora,16,39.7294,-104.8319
44052,Aurora,10,39.7294,-104.8319
44053,Aurora,692,39.7294,-104.8319
44058,Aurora,167,39.7294,-104.8319
44077,Aurora,11,39.7294,-104.8319
44084,Aurora,1266,39.7294,-104.8319
44085,Aurora,266,39.7294,-104.8319
44124,Aurora,86,39.7294,-104.8319
44125,Aurora,43,39.7294,-104.8319
44189,Fort Collins,153,40.5853,-105.0844
44234,Aurora,906,39.7294,-104.8319
44242,Aurora,222,39.7294,-104.8319
44296,Fort Collins,15,40.5853,-105.0844
44299,Aurora,14,39.7294,-104.8319
44300,Aurora,14,39.7294,-104.8319
44326,Aurora,62,39.7294,-104.8319
44565,Aurora,59,39.7294,-104.8319
44760,Aurora,14,39.7294,-104.8319
45123,Fort Collins,36,40.5853,-105.0844
45157,Aurora,85,39.7294,-104.8319
45201,Aurora,32,39.7294,-104.8319
45315,Aurora,49,39.7294,-104.8319
45388,Boulder,27,40.015,-105.2705
45538,Aurora,83,39.7294,-104.8319
45566,Aurora,12,39.7294,-104.8319
45912,Fort Collins,25,40.5853,-105.0844
46029,Boulder,24,40.015,-105.2705
46540,Aurora,30,39.7294,-104.8319
46701,Colorado Springs,10,38.8339,-104.8214
46759,Aurora,44,39.7294,-104.8319
47261,Fort Collins,80,40.5853,-105.0844
47345,Colorado Springs,14,38.8339,-104.8214
47889,Aurora,1601,39.7294,-104.8319
47889,Boulder,13,40.015,-105.2705
47889,Fort Collins,34,40.5853,-105.0844
48034,Aurora,365,39.7294,-104.8319
48076,Fort Collins,22,40.5853,-105.0844
48086,Colorado Springs,76,38.8339,-104.8214
48179,Fort Collins,199,40.5853,-105.0844
48373,Aurora,84,39.7294,-104.8319
48610,Colorado Springs,104,38.8339,-104.8214
48737,Aurora,2100,39.7294,-104.8319
48873,Aurora,69,39.7294,-104.8319
49049,Boulder,24,40.015,-105.2705
49136,Aurora,27,39.7294,-104.8319
49136,Fort Collins,16,40.5853,-105.0844
49494,Colorado Springs,23,38.8339,-104.8214
49558,Fort Collins,16,40.5853,-105.0844
49602,Colorado Springs,163,38.8339,-104.8214
49646,Fort Collins,12,40.5853,-105.0844
49719,Boulder,63,40.015,-105.2705
49766,Aurora,50,39.7294,-104.8319
49877,Fort Collins,51,40.5853,-105.0844
49885,Fort Collins,21,40.5853,-105.0844
49933,Fort Collins,667,40.5853,-105.0844
50458,Colorado Springs,33,38.8339,-104.8214
50465,Aurora,26,39.7294,-104.8319
50529,Fort Collins,199,40.5853,-105.0844
50610,Aurora,185,39.7294,-104.8319
50667,Fort Collins,10,40.5853,-105.0844
50770,Fort Collins,12,40.5853,-105.0844
50860,Colorado Springs,17,38.8339,-104.8214
50863,Colorado Springs,40,38.8339,-104.8214
51103,Fort Collins,30,40.5853,-105.0844
51189,Fort Collins,12,40.5853,-105.0844
51366,Aurora,18,39.7294,-104.8319
51389,Aurora,78,39.7294,-104.8319
51398,Fort Collins,43,40.5853,-105.0844
51404,Aurora,245,39.7294,-104.8319
51560,Aurora,143,39.7294,-104.8319
51822,Aurora,98,39.7294,-104.8319
52716,Aurora,11,39.7294,-104.8319
53127,Fort Collins,42,40.5853,-105.0844
53488,Colorado Springs,62,38.8339,-104.8214
53508,Fort Collins,365,40.5853,-105.0844
53509,Fort Collins,223,40.5853,-105.0844
53610,Aurora,24,39.7294,-104.8319
53611,Aurora,36,39.7294,-104.8319
53625,Aurora,33,39.7294,-104.8319
53685,Aurora,44,39.7294,-104.8319
53696,Aurora,67,39.7294,-104.8319
53697,Fort Collins,32,40.5853,-105.0844
53767,Aurora,15,39.7294,-104.8319
53808,Aurora,53,39.7294,-104.8319
53851,Aurora,19,39.7294,-104.8319
53985,Colorado Springs,80,38.8339,-104.8214
54139,Colorado Springs,36,38.8339,-104.8214
54251,Fort Collins,18,40.5853,-105.0844
54360,Aurora,26,39.7294,-104.8319
54451,Colorado Springs,12,38.8339,-104.8214
54677,Aurora,27,39.7294,-104.8319
54678,Aurora,105,39.7294,-104.8319
54715,Aurora,480,39.7294,-104.8319
54716,Aurora,547,39.7294,-104.8319
54719,Colorado Springs,20,38.8339,-104.8214
54756,Aurora,1010,39.7294,-104.8319
54814,Fort Collins,23,40.5853,-105.0844
54893,Colorado Springs,38,38.8339,-104.8214
55005,Aurora,13,39.7294,-104.8319
55074,Aurora,158,39.7294,-104.8319
55083,Aurora,15,39.7294,-104.8319
55190,Fort Collins,35,40.5853,-105.0844
55360,Colorado Springs,64,38.8339,-104.8214
55410,Fort Collins,23,40.5853,-105.0844
55489,Aurora,23,39.7294,-104.8319
55574,Aurora,211,39.7294,-104.8319
55574,Fort Collins,22,40.5853,-105.0844
55575,Fort Collins,91,40.5853,-105.0844
55578,Aurora,34,39.7294,-104.8319
55593,Aurora,10,39.7294,-104.8319
55597,Aurora,18,39.7294,-104.8319
55598,Aurora,21,39.7294,-104.8319
55599,Aurora,14,39.7294,-104.8319
55615,Aurora,31,39.7294,-104.8319
55630,Aurora,29,39.7294,-104.8319
55639,Aurora,11,39.7294,-104.8319
55646,Aurora,38,39.7294,-104.8319
55652,Aurora,30,39.7294,-104.8319
56001,Aurora,74,39.7294,-104.8319
56255,Fort Collins,52,40.5853,-105.0844
56330,Fort Collins,11,40.5853,-105.0844
56393,Fort Collins,34,40.5853,-105.0844
56521,Fort Collins,112,40.5853,-105.0844
56571,Fort Collins,109,40.5853,-105.0844
56685,Fort Collins,19,40.5853,-105.0844
57401,Aurora,46,39.7294,-104.8319
57402,Aurora,117,39.7294,-104.8319
57402,Fort Collins,20,40.5853,-105.0844
57406,Aurora,2012,39.7294,-104.8319
57407,Aurora,118,39.7294,-104.8319
57491,Aurora,270,39.7294,-104.8319
57535,Aurora,106,39.7294,-104.8319
57536,Aurora,103,39.7294,-104.8319
57537,Aurora,104,39.7294,-104.8319
57548,Aurora,22,39.7294,-104.8319
57561,Aurora,2024,39.7294,-104.8319
57562,Aurora,634,39.7294,-104.8319
57563,Aurora,170,39.7294,-104.8319
57811,Aurora,149,39.7294,-104.8319
57811,Fort Collins,38,40.5853,-105.0844
57812,Aurora,239,39.7294,-104.8319
57812,Fort Collins,27,40.5853,-105.0844
57813,Aurora,40,39.7294,-104.8319
57824,Aurora,93,39.7294,-104.8319
58038,Fort Collins,28,40.5853,-105.0844
58040,Aurora,63,39.7294,-104.8319
58040,Fort Collins,13,40.5853,-105.0844
58043,Aurora,2100,39.7294,-104.8319
58044,Aurora,24,39.7294,-104.8319
58044,Colorado Springs,21,38.8339,-104.8214
